resp_id,item_id,score
1,1,1
1,2,1
1,3,1
1,4,1
1,5,1
1,6,0
1,7,1
1,8,1
1,9,1
1,10,0
1,11,0
1,12,0
1,13,0
1,14,1
1,15,1
1,16,0
1,17,0
1,18,1
1,19,0
1,20,1
2,1,1
2,2,0
2,3,1
2,4,1
2,5,0
2,6,0
2,7,1
2,8,0
2,9,0
2,10,1
2,11,0
2,12,0
2,13,1
2,14,1
2,15,1
2,16,1
2,17,1
2,18,0
2,19,0
2,20,1
3,1,0
3,2,0
3,3,1
3,4,0
3,5,1
3,6,0
3,7,1
3,8,0
3,9,0
3,10,0
3,11,0
3,12,0
3,13,0
3,14,0
3,15,0
3,16,0
3,17,0
3,18,0
3,19,0
3,20,0
4,1,1
4,2,0
4,3,0
4,4,1
4,5,1
4,6,0
4,7,1
4,8,1
4,9,0
4,10,0
4,11,0
4,12,0
4,13,1
4,14,1
4,15,1
4,16,0
4,17,1
4,18,0
4,19,0
4,20,0
5,1,0
5,2,0
5,3,0
5,4,0
5,5,1
5,6,0
5,7,1
5,8,0
5,9,0
5,10,0
5,11,0
5,12,0
5,13,0
5,14,1
5,15,0
5,16,1
5,17,0
5,18,0
5,19,1
5,20,0
6,1,1
6,2,0
6,3,1
6,4,0
6,5,1
6,6,0
6,7,1
6,8,0
6,9,0
6,10,0
6,11,0
6,12,0
6,13,1
6,14,1
6,15,1
6,16,0
6,17,1
6,18,0
6,19,0
6,20,1
7,1,1
7,2,1
7,3,1
7,4,1
7,5,0
7,6,0
7,7,1
7,8,1
7,9,1
7,10,1
7,11,0
7,12,1
7,13,0
7,14,1
7,15,1
7,16,0
7,17,1
7,18,1
7,19,0
7,20,0
8,1,0
8,2,0
8,3,0
8,4,0
8,5,0
8,6,0
8,7,1
8,8,1
8,9,0
8,10,1
8,11,0
8,12,0
8,13,0
8,14,0
8,15,1
8,16,0
8,17,0
8,18,0
8,19,0
8,20,0
9,1,1
9,2,0
9,3,1
9,4,1
9,5,1
9,6,0
9,7,1
9,8,1
9,9,1
9,10,1
9,11,0
9,12,1
9,13,0
9,14,1
9,15,1
9,16,1
9,17,1
9,18,0
9,19,0
9,20,1
10,1,1
10,2,0
10,3,0
10,4,1
10,5,1
10,6,0
10,7,1
10,8,1
10,9,0
10,10,0
10,11,0
10,12,1
10,13,1
10,14,0
10,15,1
10,16,1
10,17,0
10,18,0
10,19,1
10,20,1
11,1,1
11,2,0
11,3,0
11,4,1
11,5,0
11,6,0
11,7,1
11,8,0
11,9,1
11,10,1
11,11,1
11,12,0
11,13,1
11,14,1
11,15,1
11,16,1
11,17,0
11,18,1
11,19,0
11,20,1
12,1,1
12,2,0
12,3,0
12,4,1
12,5,0
12,6,0
12,7,1
12,8,0
12,9,1
12,10,0
12,11,0
12,12,1
12,13,0
12,14,0
12,15,1
12,16,1
12,17,1
12,18,1
12,19,1
12,20,1
13,1,1
13,2,0
13,3,0
13,4,1
13,5,0
13,6,0
13,7,1
13,8,0
13,9,1
13,10,1
13,11,0
13,12,0
13,13,0
13,14,0
13,15,1
13,16,1
13,17,1
13,18,0
13,19,0
13,20,0
14,1,1
14,2,1
14,3,1
14,4,1
14,5,1
14,6,0
14,7,1
14,8,1
14,9,1
14,10,1
14,11,0
14,12,1
14,13,0
14,14,1
14,15,1
14,16,1
14,17,1
14,18,1
14,19,0
14,20,1
15,1,0
15,2,0
15,3,1
15,4,0
15,5,0
15,6,0
15,7,0
15,8,0
15,9,0
15,10,1
15,11,1
15,12,0
15,13,0
15,14,0
15,15,0
15,16,1
15,17,0
15,18,0
15,19,0
15,20,0
16,1,1
16,2,0
16,3,1
16,4,1
16,5,0
16,6,0
16,7,1
16,8,0
16,9,1
16,10,0
16,11,0
16,12,1
16,13,0
16,14,1
16,15,1
16,16,1
16,17,0
16,18,1
16,19,0
16,20,1
17,1,1
17,2,1
17,3,1
17,4,1
17,5,1
17,6,0
17,7,1
17,8,0
17,9,1
17,10,1
17,11,1
17,12,0
17,13,0
17,14,0
17,15,1
17,16,1
17,17,1
17,18,0
17,19,0
17,20,0
18,1,1
18,2,0
18,3,1
18,4,1
18,5,0
18,6,0
18,7,1
18,8,1
18,9,1
18,10,0
18,11,0
18,12,0
18,13,1
18,14,0
18,15,1
18,16,1
18,17,1
18,18,0
18,19,1
18,20,1
19,1,0
19,2,0
19,3,1
19,4,0
19,5,1
19,6,0
19,7,0
19,8,1
19,9,0
19,10,0
19,11,0
19,12,1
19,13,0
19,14,1
19,15,1
19,16,0
19,17,0
19,18,0
19,19,0
19,20,1
20,1,1
20,2,0
20,3,0
20,4,1
20,5,0
20,6,0
20,7,1
20,8,0
20,9,1
20,10,1
20,11,1
20,12,0
20,13,0
20,14,0
20,15,1
20,16,1
20,17,1
20,18,0
20,19,0
20,20,1
21,1,1
21,2,1
21,3,1
21,4,1
21,5,0
21,6,0
21,7,1
21,8,1
21,9,1
21,10,1
21,11,0
21,12,0
21,13,0
21,14,1
21,15,1
21,16,1
21,17,1
21,18,1
21,19,1
21,20,1
22,1,0
22,2,0
22,3,1
22,4,0
22,5,1
22,6,0
22,7,0
22,8,0
22,9,0
22,10,0
22,11,0
22,12,0
22,13,0
22,14,0
22,15,1
22,16,0
22,17,1
22,18,0
22,19,0
22,20,0
23,1,1
23,2,0
23,3,1
23,4,1
23,5,1
23,6,0
23,7,1
23,8,0
23,9,1
23,10,1
23,11,0
23,12,1
23,13,1
23,14,1
23,15,1
23,16,1
23,17,0
23,18,1
23,19,1
23,20,1
24,1,1
24,2,0
24,3,0
24,4,1
24,5,1
24,6,0
24,7,1
24,8,1
24,9,1
24,10,1
24,11,0
24,12,1
24,13,0
24,14,1
24,15,1
24,16,1
24,17,1
24,18,0
24,19,0
24,20,1
25,1,1
25,2,1
25,3,1
25,4,1
25,5,1
25,6,0
25,7,1
25,8,1
25,9,1
25,10,1
25,11,1
25,12,1
25,13,1
25,14,1
25,15,1
25,16,0
25,17,1
25,18,1
25,19,1
25,20,1
26,1,1
26,2,0
26,3,0
26,4,1
26,5,1
26,6,0
26,7,1
26,8,0
26,9,0
26,10,1
26,11,1
26,12,0
26,13,1
26,14,1
26,15,1
26,16,0
26,17,1
26,18,0
26,19,1
26,20,1
27,1,1
27,2,1
27,3,1
27,4,1
27,5,1
27,6,0
27,7,1
27,8,0
27,9,1
27,10,1
27,11,1
27,12,1
27,13,1
27,14,1
27,15,1
27,16,0
27,17,1
27,18,1
27,19,1
27,20,1
28,1,1
28,2,1
28,3,1
28,4,1
28,5,0
28,6,0
28,7,1
28,8,0
28,9,1
28,10,1
28,11,1
28,12,0
28,13,0
28,14,0
28,15,1
28,16,1
28,17,1
28,18,0
28,19,0
28,20,1
29,1,1
29,2,1
29,3,1
29,4,1
29,5,0
29,6,0
29,7,1
29,8,0
29,9,1
29,10,1
29,11,0
29,12,0
29,13,1
29,14,1
29,15,1
29,16,1
29,17,1
29,18,0
29,19,0
29,20,1
30,1,1
30,2,1
30,3,0
30,4,1
30,5,0
30,6,0
30,7,0
30,8,1
30,9,1
30,10,0
30,11,0
30,12,0
30,13,1
30,14,1
30,15,1
30,16,1
30,17,0
30,18,0
30,19,0
30,20,1
31,1,0
31,2,0
31,3,0
31,4,1
31,5,1
31,6,0
31,7,1
31,8,0
31,9,0
31,10,0
31,11,1
31,12,0
31,13,0
31,14,1
31,15,0
31,16,1
31,17,0
31,18,0
31,19,0
31,20,0
32,1,1
32,2,1
32,3,1
32,4,1
32,5,1
32,6,0
32,7,1
32,8,1
32,9,1
32,10,0
32,11,1
32,12,0
32,13,1
32,14,1
32,15,1
32,16,1
32,17,1
32,18,1
32,19,0
32,20,1
33,1,0
33,2,0
33,3,1
33,4,0
33,5,0
33,6,0
33,7,0
33,8,0
33,9,0
33,10,0
33,11,0
33,12,0
33,13,0
33,14,0
33,15,1
33,16,0
33,17,0
33,18,1
33,19,0
33,20,0
34,1,0
34,2,0
34,3,1
34,4,0
34,5,0
34,6,0
34,7,1
34,8,0
34,9,0
34,10,0
34,11,0
34,12,0
34,13,1
34,14,1
34,15,1
34,16,1
34,17,0
34,18,1
34,19,0
34,20,1
35,1,1
35,2,0
35,3,0
35,4,1
35,5,1
35,6,0
35,7,1
35,8,0
35,9,1
35,10,1
35,11,0
35,12,1
35,13,0
35,14,1
35,15,1
35,16,1
35,17,1
35,18,0
35,19,0
35,20,0
36,1,0
36,2,0
36,3,1
36,4,0
36,5,0
36,6,0
36,7,1
36,8,0
36,9,0
36,10,0
36,11,0
36,12,0
36,13,0
36,14,0
36,15,0
36,16,0
36,17,0
36,18,0
36,19,0
36,20,0
37,1,1
37,2,1
37,3,1
37,4,1
37,5,1
37,6,0
37,7,1
37,8,0
37,9,1
37,10,0
37,11,1
37,12,0
37,13,1
37,14,1
37,15,1
37,16,1
37,17,1
37,18,1
37,19,1
37,20,1
38,1,1
38,2,1
38,3,0
38,4,1
38,5,1
38,6,0
38,7,1
38,8,0
38,9,1
38,10,1
38,11,0
38,12,1
38,13,1
38,14,0
38,15,1
38,16,0
38,17,0
38,18,1
38,19,1
38,20,1
39,1,1
39,2,0
39,3,1
39,4,0
39,5,1
39,6,0
39,7,1
39,8,1
39,9,1
39,10,0
39,11,0
39,12,0
39,13,0
39,14,0
39,15,1
39,16,1
39,17,1
39,18,0
39,19,1
39,20,0
40,1,1
40,2,0
40,3,1
40,4,1
40,5,1
40,6,0
40,7,0
40,8,1
40,9,1
40,10,0
40,11,1
40,12,1
40,13,1
40,14,0
40,15,1
40,16,1
40,17,1
40,18,0
40,19,0
40,20,1
41,1,0
41,2,0
41,3,1
41,4,0
41,5,0
41,6,0
41,7,1
41,8,0
41,9,0
41,10,0
41,11,0
41,12,1
41,13,0
41,14,1
41,15,0
41,16,1
41,17,1
41,18,0
41,19,0
41,20,1
42,1,1
42,2,0
42,3,1
42,4,1
42,5,0
42,6,0
42,7,1
42,8,1
42,9,1
42,10,1
42,11,1
42,12,0
42,13,0
42,14,1
42,15,1
42,16,0
42,17,1
42,18,1
42,19,1
42,20,1
43,1,1
43,2,1
43,3,1
43,4,1
43,5,1
43,6,0
43,7,1
43,8,1
43,9,1
43,10,1
43,11,0
43,12,1
43,13,0
43,14,0
43,15,1
43,16,1
43,17,0
43,18,0
43,19,0
43,20,0
44,1,0
44,2,0
44,3,1
44,4,0
44,5,1
44,6,0
44,7,1
44,8,1
44,9,0
44,10,0
44,11,0
44,12,0
44,13,1
44,14,0
44,15,1
44,16,1
44,17,1
44,18,0
44,19,0
44,20,1
45,1,0
45,2,0
45,3,1
45,4,0
45,5,0
45,6,0
45,7,1
45,8,1
45,9,0
45,10,0
45,11,0
45,12,0
45,13,0
45,14,0
45,15,1
45,16,0
45,17,0
45,18,0
45,19,0
45,20,0
46,1,1
46,2,1
46,3,1
46,4,1
46,5,0
46,6,0
46,7,1
46,8,1
46,9,1
46,10,0
46,11,0
46,12,1
46,13,0
46,14,1
46,15,1
46,16,1
46,17,1
46,18,0
46,19,0
46,20,1
47,1,1
47,2,0
47,3,1
47,4,1
47,5,0
47,6,0
47,7,1
47,8,0
47,9,1
47,10,1
47,11,0
47,12,0
47,13,0
47,14,1
47,15,1
47,16,1
47,17,0
47,18,1
47,19,1
47,20,1
48,1,1
48,2,0
48,3,0
48,4,0
48,5,1
48,6,0
48,7,1
48,8,0
48,9,1
48,10,1
48,11,0
48,12,0
48,13,0
48,14,1
48,15,0
48,16,1
48,17,1
48,18,0
48,19,0
48,20,1
49,1,0
49,2,0
49,3,0
49,4,0
49,5,1
49,6,0
49,7,1
49,8,1
49,9,0
49,10,0
49,11,0
49,12,0
49,13,1
49,14,1
49,15,1
49,16,0
49,17,1
49,18,0
49,19,0
49,20,0
50,1,1
50,2,0
50,3,1
50,4,1
50,5,0
50,6,0
50,7,1
50,8,1
50,9,1
50,10,1
50,11,0
50,12,1
50,13,0
50,14,1
50,15,1
50,16,1
50,17,1
50,18,1
50,19,0
50,20,0
51,1,0
51,2,0
51,3,0
51,4,0
51,5,1
51,6,0
51,7,0
51,8,0
51,9,0
51,10,0
51,11,0
51,12,0
51,13,0
51,14,1
51,15,1
51,16,0
51,17,0
51,18,0
51,19,0
51,20,0
52,1,1
52,2,0
52,3,0
52,4,1
52,5,0
52,6,0
52,7,1
52,8,1
52,9,1
52,10,0
52,11,0
52,12,0
52,13,0
52,14,0
52,15,1
52,16,1
52,17,1
52,18,0
52,19,1
52,20,1
53,1,0
53,2,0
53,3,0
53,4,0
53,5,1
53,6,0
53,7,1
53,8,1
53,9,0
53,10,0
53,11,0
53,12,0
53,13,0
53,14,1
53,15,0
53,16,0
53,17,0
53,18,0
53,19,1
53,20,0
54,1,1
54,2,1
54,3,1
54,4,1
54,5,0
54,6,0
54,7,1
54,8,1
54,9,1
54,10,1
54,11,0
54,12,0
54,13,0
54,14,0
54,15,1
54,16,1
54,17,1
54,18,1
54,19,0
54,20,1
55,1,1
55,2,1
55,3,1
55,4,1
55,5,1
55,6,0
55,7,1
55,8,1
55,9,1
55,10,0
55,11,0
55,12,1
55,13,0
55,14,1
55,15,1
55,16,1
55,17,0
55,18,1
55,19,0
55,20,1
56,1,1
56,2,1
56,3,1
56,4,1
56,5,0
56,6,0
56,7,1
56,8,1
56,9,1
56,10,0
56,11,1
56,12,0
56,13,1
56,14,0
56,15,1
56,16,0
56,17,1
56,18,0
56,19,1
56,20,1
57,1,0
57,2,0
57,3,1
57,4,0
57,5,0
57,6,0
57,7,1
57,8,1
57,9,0
57,10,0
57,11,0
57,12,0
57,13,0
57,14,0
57,15,0
57,16,0
57,17,1
57,18,0
57,19,0
57,20,0
58,1,1
58,2,1
58,3,1
58,4,1
58,5,0
58,6,0
58,7,1
58,8,1
58,9,1
58,10,0
58,11,0
58,12,1
58,13,0
58,14,1
58,15,1
58,16,1
58,17,1
58,18,1
58,19,1
58,20,1
59,1,1
59,2,0
59,3,1
59,4,1
59,5,0
59,6,0
59,7,1
59,8,0
59,9,1
59,10,0
59,11,0
59,12,1
59,13,0
59,14,0
59,15,1
59,16,1
59,17,1
59,18,1
59,19,0
59,20,1
60,1,0
60,2,0
60,3,1
60,4,0
60,5,0
60,6,0
60,7,1
60,8,0
60,9,0
60,10,0
60,11,1
60,12,0
60,13,0
60,14,0
60,15,1
60,16,0
60,17,0
60,18,0
60,19,1
60,20,0
61,1,1
61,2,1
61,3,0
61,4,1
61,5,1
61,6,0
61,7,1
61,8,1
61,9,1
61,10,0
61,11,0
61,12,0
61,13,0
61,14,1
61,15,1
61,16,1
61,17,0
61,18,1
61,19,0
61,20,1
62,1,1
62,2,0
62,3,1
62,4,0
62,5,1
62,6,0
62,7,1
62,8,1
62,9,1
62,10,0
62,11,1
62,12,0
62,13,0
62,14,1
62,15,1
62,16,0
62,17,0
62,18,0
62,19,0
62,20,1
63,1,1
63,2,0
63,3,0
63,4,1
63,5,0
63,6,0
63,7,1
63,8,0
63,9,1
63,10,0
63,11,0
63,12,0
63,13,0
63,14,1
63,15,1
63,16,0
63,17,1
63,18,1
63,19,1
63,20,1
64,1,1
64,2,1
64,3,1
64,4,1
64,5,0
64,6,0
64,7,1
64,8,1
64,9,1
64,10,0
64,11,1
64,12,1
64,13,1
64,14,1
64,15,1
64,16,1
64,17,0
64,18,0
64,19,0
64,20,1
65,1,1
65,2,1
65,3,1
65,4,1
65,5,0
65,6,0
65,7,1
65,8,0
65,9,1
65,10,1
65,11,1
65,12,0
65,13,1
65,14,1
65,15,1
65,16,1
65,17,1
65,18,1
65,19,0
65,20,1
66,1,0
66,2,0
66,3,0
66,4,0
66,5,1
66,6,0
66,7,1
66,8,0
66,9,1
66,10,1
66,11,0
66,12,0
66,13,0
66,14,1
66,15,1
66,16,1
66,17,0
66,18,0
66,19,0
66,20,0
67,1,0
67,2,0
67,3,1
67,4,0
67,5,0
67,6,0
67,7,1
67,8,1
67,9,0
67,10,0
67,11,0
67,12,0
67,13,1
67,14,1
67,15,0
67,16,1
67,17,0
67,18,0
67,19,0
67,20,0
68,1,1
68,2,0
68,3,1
68,4,1
68,5,0
68,6,0
68,7,1
68,8,1
68,9,1
68,10,0
68,11,1
68,12,0
68,13,1
68,14,0
68,15,1
68,16,1
68,17,1
68,18,0
68,19,1
68,20,1
69,1,0
69,2,0
69,3,1
69,4,1
69,5,0
69,6,0
69,7,1
69,8,0
69,9,1
69,10,1
69,11,1
69,12,0
69,13,0
69,14,1
69,15,0
69,16,0
69,17,0
69,18,0
69,19,0
69,20,1
70,1,0
70,2,0
70,3,1
70,4,1
70,5,1
70,6,0
70,7,1
70,8,1
70,9,1
70,10,0
70,11,0
70,12,0
70,13,0
70,14,1
70,15,1
70,16,0
70,17,0
70,18,0
70,19,0
70,20,1
71,1,1
71,2,0
71,3,0
71,4,1
71,5,1
71,6,0
71,7,1
71,8,1
71,9,0
71,10,0
71,11,0
71,12,1
71,13,0
71,14,0
71,15,0
71,16,0
71,17,1
71,18,0
71,19,0
71,20,0
72,1,0
72,2,0
72,3,1
72,4,0
72,5,0
72,6,0
72,7,1
72,8,1
72,9,0
72,10,0
72,11,0
72,12,1
72,13,0
72,14,0
72,15,0
72,16,0
72,17,1
72,18,0
72,19,0
72,20,1
73,1,1
73,2,1
73,3,0
73,4,1
73,5,1
73,6,0
73,7,1
73,8,0
73,9,1
73,10,1
73,11,1
73,12,1
73,13,0
73,14,0
73,15,1
73,16,1
73,17,0
73,18,1
73,19,0
73,20,1
74,1,0
74,2,0
74,3,1
74,4,0
74,5,1
74,6,0
74,7,1
74,8,0
74,9,0
74,10,0
74,11,0
74,12,1
74,13,0
74,14,1
74,15,0
74,16,1
74,17,0
74,18,0
74,19,1
74,20,0
75,1,1
75,2,0
75,3,0
75,4,1
75,5,0
75,6,0
75,7,1
75,8,1
75,9,1
75,10,0
75,11,1
75,12,1
75,13,0
75,14,0
75,15,1
75,16,1
75,17,1
75,18,0
75,19,0
75,20,1
76,1,1
76,2,0
76,3,1
76,4,0
76,5,1
76,6,0
76,7,1
76,8,0
76,9,0
76,10,0
76,11,1
76,12,0
76,13,1
76,14,0
76,15,1
76,16,1
76,17,1
76,18,0
76,19,0
76,20,1
77,1,1
77,2,0
77,3,0
77,4,1
77,5,0
77,6,0
77,7,1
77,8,1
77,9,0
77,10,0
77,11,0
77,12,1
77,13,0
77,14,0
77,15,1
77,16,0
77,17,0
77,18,0
77,19,0
77,20,0
78,1,1
78,2,1
78,3,1
78,4,0
78,5,0
78,6,0
78,7,1
78,8,0
78,9,1
78,10,0
78,11,0
78,12,1
78,13,0
78,14,0
78,15,1
78,16,1
78,17,0
78,18,0
78,19,0
78,20,1
79,1,1
79,2,1
79,3,1
79,4,1
79,5,1
79,6,0
79,7,1
79,8,1
79,9,1
79,10,0
79,11,0
79,12,0
79,13,0
79,14,1
79,15,1
79,16,1
79,17,0
79,18,0
79,19,1
79,20,1
80,1,1
80,2,0
80,3,0
80,4,1
80,5,1
80,6,0
80,7,1
80,8,0
80,9,1
80,10,0
80,11,1
80,12,1
80,13,0
80,14,1
80,15,1
80,16,1
80,17,0
80,18,1
80,19,0
80,20,1
81,1,1
81,2,1
81,3,1
81,4,1
81,5,0
81,6,0
81,7,1
81,8,0
81,9,1
81,10,0
81,11,1
81,12,0
81,13,0
81,14,1
81,15,1
81,16,0
81,17,1
81,18,0
81,19,0
81,20,1
82,1,1
82,2,0
82,3,1
82,4,1
82,5,0
82,6,0
82,7,1
82,8,1
82,9,1
82,10,0
82,11,0
82,12,0
82,13,0
82,14,1
82,15,1
82,16,1
82,17,1
82,18,0
82,19,0
82,20,1
83,1,0
83,2,0
83,3,1
83,4,0
83,5,1
83,6,0
83,7,1
83,8,1
83,9,0
83,10,0
83,11,0
83,12,1
83,13,0
83,14,1
83,15,0
83,16,1
83,17,0
83,18,0
83,19,0
83,20,0
84,1,1
84,2,0
84,3,1
84,4,1
84,5,0
84,6,0
84,7,1
84,8,0
84,9,1
84,10,0
84,11,1
84,12,0
84,13,0
84,14,1
84,15,0
84,16,1
84,17,0
84,18,0
84,19,1
84,20,1
85,1,1
85,2,1
85,3,1
85,4,1
85,5,1
85,6,0
85,7,1
85,8,0
85,9,1
85,10,0
85,11,1
85,12,1
85,13,0
85,14,0
85,15,1
85,16,1
85,17,1
85,18,1
85,19,1
85,20,1
86,1,1
86,2,0
86,3,1
86,4,0
86,5,1
86,6,0
86,7,1
86,8,1
86,9,0
86,10,0
86,11,0
86,12,1
86,13,0
86,14,1
86,15,1
86,16,1
86,17,1
86,18,0
86,19,0
86,20,1
87,1,1
87,2,0
87,3,0
87,4,1
87,5,0
87,6,0
87,7,1
87,8,1
87,9,1
87,10,1
87,11,1
87,12,1
87,13,0
87,14,0
87,15,1
87,16,0
87,17,1
87,18,1
87,19,1
87,20,1
88,1,1
88,2,0
88,3,1
88,4,1
88,5,0
88,6,0
88,7,1
88,8,1
88,9,1
88,10,0
88,11,1
88,12,0
88,13,0
88,14,1
88,15,1
88,16,1
88,17,0
88,18,0
88,19,0
88,20,1
89,1,0
89,2,0
89,3,1
89,4,0
89,5,0
89,6,0
89,7,0
89,8,0
89,9,0
89,10,0
89,11,0
89,12,0
89,13,0
89,14,0
89,15,0
89,16,1
89,17,0
89,18,0
89,19,0
89,20,0
90,1,1
90,2,0
90,3,0
90,4,0
90,5,1
90,6,0
90,7,0
90,8,1
90,9,0
90,10,0
90,11,0
90,12,0
90,13,0
90,14,0
90,15,1
90,16,0
90,17,1
90,18,0
90,19,1
90,20,0
91,1,0
91,2,0
91,3,0
91,4,0
91,5,1
91,6,0
91,7,1
91,8,0
91,9,0
91,10,0
91,11,0
91,12,0
91,13,0
91,14,1
91,15,1
91,16,1
91,17,0
91,18,0
91,19,1
91,20,1
92,1,1
92,2,0
92,3,1
92,4,1
92,5,0
92,6,0
92,7,0
92,8,1
92,9,1
92,10,1
92,11,0
92,12,0
92,13,1
92,14,0
92,15,1
92,16,1
92,17,0
92,18,1
92,19,0
92,20,1
93,1,1
93,2,0
93,3,1
93,4,1
93,5,1
93,6,0
93,7,1
93,8,1
93,9,1
93,10,1
93,11,1
93,12,1
93,13,0
93,14,0
93,15,1
93,16,0
93,17,1
93,18,0
93,19,1
93,20,1
94,1,1
94,2,0
94,3,1
94,4,1
94,5,0
94,6,0
94,7,1
94,8,1
94,9,1
94,10,0
94,11,1
94,12,0
94,13,0
94,14,0
94,15,1
94,16,0
94,17,1
94,18,0
94,19,0
94,20,1
95,1,1
95,2,1
95,3,1
95,4,1
95,5,0
95,6,0
95,7,1
95,8,1
95,9,1
95,10,0
95,11,0
95,12,1
95,13,0
95,14,1
95,15,1
95,16,1
95,17,1
95,18,0
95,19,0
95,20,1
96,1,1
96,2,1
96,3,1
96,4,1
96,5,1
96,6,0
96,7,1
96,8,1
96,9,1
96,10,0
96,11,0
96,12,0
96,13,0
96,14,1
96,15,1
96,16,1
96,17,1
96,18,0
96,19,0
96,20,1
97,1,1
97,2,0
97,3,1
97,4,0
97,5,0
97,6,0
97,7,1
97,8,1
97,9,1
97,10,1
97,11,0
97,12,0
97,13,0
97,14,0
97,15,1
97,16,0
97,17,1
97,18,0
97,19,0
97,20,1
98,1,1
98,2,0
98,3,1
98,4,1
98,5,0
98,6,0
98,7,1
98,8,1
98,9,1
98,10,0
98,11,1
98,12,0
98,13,1
98,14,1
98,15,1
98,16,1
98,17,1
98,18,0
98,19,1
98,20,1
99,1,1
99,2,0
99,3,1
99,4,0
99,5,0
99,6,0
99,7,1
99,8,0
99,9,1
99,10,0
99,11,0
99,12,0
99,13,1
99,14,1
99,15,1
99,16,1
99,17,0
99,18,0
99,19,0
99,20,0
100,1,0
100,2,0
100,3,0
100,4,0
100,5,0
100,6,0
100,7,1
100,8,1
100,9,0
100,10,0
100,11,0
100,12,0
100,13,0
100,14,1
100,15,0
100,16,0
100,17,1
100,18,0
100,19,0
100,20,0
101,1,1
101,2,0
101,3,1
101,4,1
101,5,1
101,6,0
101,7,1
101,8,1
101,9,1
101,10,1
101,11,0
101,12,1
101,13,0
101,14,0
101,15,1
101,16,1
101,17,0
101,18,0
101,19,0
101,20,0
102,1,1
102,2,0
102,3,0
102,4,1
102,5,0
102,6,0
102,7,1
102,8,1
102,9,1
102,10,0
102,11,1
102,12,1
102,13,1
102,14,0
102,15,1
102,16,0
102,17,1
102,18,1
102,19,1
102,20,1
103,1,1
103,2,0
103,3,1
103,4,1
103,5,1
103,6,0
103,7,1
103,8,1
103,9,1
103,10,0
103,11,1
103,12,1
103,13,1
103,14,0
103,15,1
103,16,1
103,17,1
103,18,0
103,19,0
103,20,1
104,1,1
104,2,0
104,3,0
104,4,1
104,5,0
104,6,0
104,7,1
104,8,1
104,9,1
104,10,1
104,11,0
104,12,1
104,13,0
104,14,1
104,15,1
104,16,1
104,17,1
104,18,1
104,19,0
104,20,1
105,1,0
105,2,0
105,3,1
105,4,1
105,5,0
105,6,0
105,7,1
105,8,1
105,9,0
105,10,1
105,11,1
105,12,0
105,13,0
105,14,1
105,15,0
105,16,1
105,17,0
105,18,0
105,19,0
105,20,0
106,1,1
106,2,0
106,3,0
106,4,1
106,5,0
106,6,0
106,7,0
106,8,1
106,9,1
106,10,0
106,11,0
106,12,0
106,13,0
106,14,0
106,15,1
106,16,0
106,17,0
106,18,0
106,19,0
106,20,1
107,1,1
107,2,1
107,3,0
107,4,1
107,5,0
107,6,0
107,7,1
107,8,0
107,9,1
107,10,0
107,11,1
107,12,0
107,13,1
107,14,1
107,15,1
107,16,1
107,17,1
107,18,0
107,19,0
107,20,1
108,1,1
108,2,0
108,3,0
108,4,1
108,5,0
108,6,0
108,7,1
108,8,0
108,9,1
108,10,1
108,11,0
108,12,1
108,13,0
108,14,1
108,15,1
108,16,0
108,17,0
108,18,0
108,19,0
108,20,1
109,1,1
109,2,0
109,3,1
109,4,1
109,5,0
109,6,0
109,7,1
109,8,1
109,9,1
109,10,1
109,11,0
109,12,1
109,13,0
109,14,1
109,15,1
109,16,0
109,17,1
109,18,0
109,19,1
109,20,1
110,1,1
110,2,0
110,3,1
110,4,1
110,5,1
110,6,0
110,7,1
110,8,0
110,9,0
110,10,0
110,11,0
110,12,1
110,13,0
110,14,1
110,15,1
110,16,0
110,17,1
110,18,0
110,19,0
110,20,0
111,1,0
111,2,0
111,3,0
111,4,0
111,5,0
111,6,0
111,7,0
111,8,1
111,9,0
111,10,1
111,11,1
111,12,0
111,13,0
111,14,0
111,15,1
111,16,1
111,17,0
111,18,0
111,19,0
111,20,1
112,1,1
112,2,0
112,3,1
112,4,1
112,5,1
112,6,0
112,7,1
112,8,0
112,9,1
112,10,1
112,11,1
112,12,1
112,13,0
112,14,0
112,15,1
112,16,0
112,17,1
112,18,1
112,19,0
112,20,1
113,1,0
113,2,0
113,3,0
113,4,0
113,5,1
113,6,0
113,7,1
113,8,0
113,9,0
113,10,0
113,11,0
113,12,0
113,13,0
113,14,1
113,15,1
113,16,1
113,17,1
113,18,0
113,19,0
113,20,0
114,1,1
114,2,0
114,3,1
114,4,1
114,5,1
114,6,0
114,7,1
114,8,0
114,9,0
114,10,1
114,11,0
114,12,0
114,13,0
114,14,1
114,15,1
114,16,1
114,17,1
114,18,0
114,19,1
114,20,1
115,1,0
115,2,0
115,3,1
115,4,0
115,5,0
115,6,0
115,7,0
115,8,1
115,9,0
115,10,0
115,11,0
115,12,0
115,13,0
115,14,0
115,15,0
115,16,1
115,17,1
115,18,0
115,19,0
115,20,0
116,1,1
116,2,0
116,3,1
116,4,1
116,5,0
116,6,0
116,7,1
116,8,1
116,9,1
116,10,1
116,11,1
116,12,1
116,13,0
116,14,0
116,15,1
116,16,1
116,17,1
116,18,0
116,19,0
116,20,1
117,1,0
117,2,0
117,3,1
117,4,1
117,5,0
117,6,0
117,7,1
117,8,0
117,9,1
117,10,1
117,11,1
117,12,0
117,13,0
117,14,1
117,15,1
117,16,0
117,17,0
117,18,0
117,19,1
117,20,1
118,1,1
118,2,1
118,3,1
118,4,1
118,5,1
118,6,0
118,7,1
118,8,1
118,9,1
118,10,0
118,11,0
118,12,1
118,13,0
118,14,0
118,15,1
118,16,1
118,17,1
118,18,1
118,19,0
118,20,0
119,1,0
119,2,0
119,3,1
119,4,1
119,5,1
119,6,0
119,7,0
119,8,1
119,9,1
119,10,1
119,11,1
119,12,0
119,13,0
119,14,1
119,15,1
119,16,1
119,17,0
119,18,0
119,19,0
119,20,0
120,1,0
120,2,0
120,3,0
120,4,0
120,5,0
120,6,0
120,7,1
120,8,0
120,9,1
120,10,0
120,11,0
120,12,0
120,13,0
120,14,0
120,15,1
120,16,0
120,17,1
120,18,0
120,19,1
120,20,0
121,1,1
121,2,1
121,3,0
121,4,1
121,5,1
121,6,0
121,7,1
121,8,0
121,9,1
121,10,0
121,11,1
121,12,1
121,13,0
121,14,0
121,15,1
121,16,1
121,17,1
121,18,0
121,19,0
121,20,1
122,1,0
122,2,0
122,3,0
122,4,1
122,5,0
122,6,0
122,7,1
122,8,1
122,9,0
122,10,0
122,11,0
122,12,1
122,13,0
122,14,0
122,15,0
122,16,0
122,17,1
122,18,0
122,19,0
122,20,0
123,1,1
123,2,0
123,3,0
123,4,1
123,5,1
123,6,0
123,7,1
123,8,0
123,9,1
123,10,0
123,11,0
123,12,0
123,13,0
123,14,0
123,15,1
123,16,1
123,17,1
123,18,0
123,19,0
123,20,1
124,1,1
124,2,0
124,3,1
124,4,1
124,5,1
124,6,0
124,7,1
124,8,1
124,9,1
124,10,1
124,11,0
124,12,1
124,13,1
124,14,1
124,15,1
124,16,1
124,17,1
124,18,0
124,19,0
124,20,1
125,1,1
125,2,0
125,3,1
125,4,1
125,5,0
125,6,0
125,7,1
125,8,1
125,9,1
125,10,1
125,11,1
125,12,1
125,13,1
125,14,0
125,15,1
125,16,0
125,17,1
125,18,1
125,19,0
125,20,1
126,1,1
126,2,1
126,3,1
126,4,1
126,5,1
126,6,0
126,7,1
126,8,1
126,9,1
126,10,1
126,11,0
126,12,0
126,13,0
126,14,1
126,15,1
126,16,1
126,17,1
126,18,1
126,19,1
126,20,1
127,1,0
127,2,0
127,3,1
127,4,0
127,5,0
127,6,0
127,7,0
127,8,1
127,9,0
127,10,0
127,11,1
127,12,1
127,13,0
127,14,1
127,15,1
127,16,1
127,17,0
127,18,0
127,19,1
127,20,0
128,1,0
128,2,0
128,3,1
128,4,0
128,5,0
128,6,0
128,7,1
128,8,1
128,9,0
128,10,0
128,11,0
128,12,1
128,13,0
128,14,0
128,15,0
128,16,0
128,17,0
128,18,0
128,19,0
128,20,0
129,1,1
129,2,0
129,3,1
129,4,1
129,5,0
129,6,0
129,7,0
129,8,1
129,9,1
129,10,1
129,11,1
129,12,1
129,13,0
129,14,1
129,15,1
129,16,1
129,17,1
129,18,0
129,19,0
129,20,1
130,1,1
130,2,1
130,3,1
130,4,1
130,5,1
130,6,0
130,7,1
130,8,1
130,9,1
130,10,1
130,11,1
130,12,1
130,13,0
130,14,1
130,15,1
130,16,0
130,17,1
130,18,0
130,19,1
130,20,1
131,1,1
131,2,0
131,3,1
131,4,1
131,5,0
131,6,0
131,7,1
131,8,0
131,9,1
131,10,0
131,11,1
131,12,1
131,13,0
131,14,1
131,15,1
131,16,0
131,17,1
131,18,0
131,19,0
131,20,1
132,1,1
132,2,0
132,3,0
132,4,0
132,5,0
132,6,0
132,7,1
132,8,0
132,9,1
132,10,0
132,11,0
132,12,0
132,13,0
132,14,0
132,15,1
132,16,0
132,17,0
132,18,0
132,19,0
132,20,0
133,1,0
133,2,0
133,3,0
133,4,0
133,5,0
133,6,0
133,7,1
133,8,0
133,9,0
133,10,0
133,11,0
133,12,0
133,13,0
133,14,1
133,15,0
133,16,1
133,17,1
133,18,0
133,19,0
133,20,0
134,1,1
134,2,0
134,3,0
134,4,0
134,5,0
134,6,0
134,7,1
134,8,1
134,9,0
134,10,0
134,11,0
134,12,0
134,13,0
134,14,0
134,15,1
134,16,1
134,17,0
134,18,0
134,19,0
134,20,1
135,1,0
135,2,0
135,3,0
135,4,1
135,5,1
135,6,0
135,7,1
135,8,1
135,9,1
135,10,0
135,11,0
135,12,0
135,13,0
135,14,1
135,15,1
135,16,1
135,17,0
135,18,1
135,19,0
135,20,1
136,1,1
136,2,0
136,3,0
136,4,1
136,5,0
136,6,0
136,7,1
136,8,1
136,9,1
136,10,0
136,11,0
136,12,0
136,13,0
136,14,1
136,15,1
136,16,0
136,17,0
136,18,0
136,19,0
136,20,1
137,1,0
137,2,0
137,3,1
137,4,0
137,5,0
137,6,0
137,7,1
137,8,1
137,9,0
137,10,1
137,11,0
137,12,0
137,13,0
137,14,0
137,15,0
137,16,1
137,17,1
137,18,0
137,19,0
137,20,0
138,1,1
138,2,1
138,3,1
138,4,1
138,5,1
138,6,0
138,7,1
138,8,0
138,9,1
138,10,1
138,11,1
138,12,1
138,13,0
138,14,0
138,15,1
138,16,1
138,17,1
138,18,1
138,19,0
138,20,1
139,1,1
139,2,0
139,3,1
139,4,0
139,5,0
139,6,0
139,7,1
139,8,1
139,9,0
139,10,0
139,11,0
139,12,0
139,13,0
139,14,0
139,15,1
139,16,0
139,17,0
139,18,0
139,19,1
139,20,1
140,1,1
140,2,0
140,3,1
140,4,0
140,5,0
140,6,0
140,7,1
140,8,1
140,9,0
140,10,0
140,11,0
140,12,0
140,13,0
140,14,0
140,15,0
140,16,0
140,17,0
140,18,0
140,19,0
140,20,1
141,1,0
141,2,0
141,3,1
141,4,0
141,5,1
141,6,0
141,7,1
141,8,1
141,9,0
141,10,0
141,11,0
141,12,1
141,13,0
141,14,0
141,15,0
141,16,0
141,17,0
141,18,0
141,19,0
141,20,0
142,1,0
142,2,0
142,3,1
142,4,0
142,5,0
142,6,0
142,7,0
142,8,0
142,9,0
142,10,0
142,11,0
142,12,0
142,13,0
142,14,0
142,15,0
142,16,1
142,17,0
142,18,0
142,19,0
142,20,0
143,1,0
143,2,0
143,3,1
143,4,1
143,5,0
143,6,0
143,7,1
143,8,0
143,9,0
143,10,1
143,11,0
143,12,1
143,13,1
143,14,1
143,15,1
143,16,0
143,17,1
143,18,0
143,19,1
143,20,0
144,1,1
144,2,0
144,3,1
144,4,1
144,5,0
144,6,0
144,7,1
144,8,1
144,9,1
144,10,0
144,11,1
144,12,0
144,13,1
144,14,1
144,15,1
144,16,1
144,17,1
144,18,1
144,19,0
144,20,1
145,1,0
145,2,0
145,3,1
145,4,1
145,5,1
145,6,0
145,7,1
145,8,1
145,9,0
145,10,0
145,11,1
145,12,1
145,13,0
145,14,1
145,15,1
145,16,1
145,17,0
145,18,0
145,19,1
145,20,1
146,1,0
146,2,0
146,3,1
146,4,0
146,5,0
146,6,0
146,7,0
146,8,1
146,9,0
146,10,0
146,11,1
146,12,0
146,13,0
146,14,1
146,15,0
146,16,1
146,17,0
146,18,0
146,19,0
146,20,0
147,1,1
147,2,0
147,3,1
147,4,1
147,5,0
147,6,0
147,7,0
147,8,1
147,9,1
147,10,1
147,11,1
147,12,1
147,13,0
147,14,0
147,15,1
147,16,1
147,17,1
147,18,1
147,19,1
147,20,0
148,1,1
148,2,0
148,3,1
148,4,1
148,5,0
148,6,0
148,7,1
148,8,0
148,9,1
148,10,1
148,11,1
148,12,0
148,13,0
148,14,0
148,15,1
148,16,0
148,17,1
148,18,1
148,19,0
148,20,1
149,1,0
149,2,0
149,3,0
149,4,0
149,5,1
149,6,0
149,7,0
149,8,0
149,9,0
149,10,0
149,11,0
149,12,1
149,13,0
149,14,0
149,15,0
149,16,1
149,17,0
149,18,0
149,19,0
149,20,0
150,1,1
150,2,0
150,3,0
150,4,0
150,5,0
150,6,0
150,7,1
150,8,0
150,9,0
150,10,0
150,11,0
150,12,1
150,13,0
150,14,1
150,15,1
150,16,0
150,17,1
150,18,0
150,19,0
150,20,1
151,1,0
151,2,0
151,3,1
151,4,0
151,5,1
151,6,0
151,7,1
151,8,0
151,9,0
151,10,1
151,11,0
151,12,0
151,13,0
151,14,0
151,15,0
151,16,1
151,17,0
151,18,0
151,19,0
151,20,1
152,1,1
152,2,1
152,3,0
152,4,1
152,5,1
152,6,0
152,7,1
152,8,1
152,9,1
152,10,0
152,11,1
152,12,1
152,13,0
152,14,0
152,15,1
152,16,0
152,17,1
152,18,1
152,19,1
152,20,1
153,1,1
153,2,0
153,3,1
153,4,1
153,5,0
153,6,0
153,7,1
153,8,1
153,9,0
153,10,0
153,11,0
153,12,0
153,13,0
153,14,0
153,15,1
153,16,1
153,17,0
153,18,0
153,19,0
153,20,1
154,1,1
154,2,0
154,3,1
154,4,1
154,5,0
154,6,0
154,7,1
154,8,1
154,9,1
154,10,0
154,11,0
154,12,0
154,13,0
154,14,1
154,15,1
154,16,1
154,17,1
154,18,1
154,19,0
154,20,0
155,1,1
155,2,1
155,3,0
155,4,1
155,5,1
155,6,0
155,7,1
155,8,1
155,9,1
155,10,0
155,11,0
155,12,0
155,13,0
155,14,1
155,15,1
155,16,0
155,17,0
155,18,0
155,19,1
155,20,1
156,1,1
156,2,1
156,3,1
156,4,1
156,5,1
156,6,0
156,7,1
156,8,0
156,9,1
156,10,0
156,11,0
156,12,1
156,13,0
156,14,0
156,15,1
156,16,1
156,17,1
156,18,1
156,19,1
156,20,1
157,1,1
157,2,0
157,3,0
157,4,1
157,5,1
157,6,0
157,7,1
157,8,1
157,9,1
157,10,1
157,11,0
157,12,0
157,13,0
157,14,0
157,15,1
157,16,1
157,17,0
157,18,1
157,19,0
157,20,1
158,1,0
158,2,0
158,3,1
158,4,0
158,5,0
158,6,0
158,7,1
158,8,1
158,9,1
158,10,0
158,11,1
158,12,1
158,13,0
158,14,1
158,15,1
158,16,1
158,17,0
158,18,0
158,19,0
158,20,1
159,1,0
159,2,0
159,3,0
159,4,0
159,5,0
159,6,0
159,7,1
159,8,1
159,9,0
159,10,0
159,11,0
159,12,0
159,13,0
159,14,0
159,15,0
159,16,0
159,17,1
159,18,0
159,19,1
159,20,0
160,1,1
160,2,1
160,3,1
160,4,1
160,5,1
160,6,0
160,7,1
160,8,0
160,9,1
160,10,1
160,11,1
160,12,1
160,13,0
160,14,1
160,15,1
160,16,1
160,17,1
160,18,1
160,19,1
160,20,1
161,1,1
161,2,0
161,3,1
161,4,1
161,5,1
161,6,0
161,7,0
161,8,0
161,9,1
161,10,1
161,11,1
161,12,1
161,13,0
161,14,1
161,15,1
161,16,1
161,17,1
161,18,0
161,19,1
161,20,1
162,1,1
162,2,1
162,3,1
162,4,1
162,5,0
162,6,0
162,7,1
162,8,1
162,9,1
162,10,1
162,11,1
162,12,0
162,13,0
162,14,0
162,15,1
162,16,1
162,17,1
162,18,1
162,19,0
162,20,1
163,1,1
163,2,1
163,3,1
163,4,1
163,5,1
163,6,1
163,7,1
163,8,0
163,9,1
163,10,1
163,11,1
163,12,1
163,13,1
163,14,1
163,15,1
163,16,1
163,17,1
163,18,1
163,19,1
163,20,1
164,1,1
164,2,0
164,3,1
164,4,1
164,5,1
164,6,0
164,7,1
164,8,1
164,9,1
164,10,1
164,11,1
164,12,1
164,13,0
164,14,1
164,15,1
164,16,1
164,17,1
164,18,0
164,19,1
164,20,1
165,1,1
165,2,0
165,3,1
165,4,1
165,5,0
165,6,0
165,7,0
165,8,1
165,9,0
165,10,0
165,11,0
165,12,0
165,13,0
165,14,0
165,15,1
165,16,0
165,17,1
165,18,0
165,19,0
165,20,1
166,1,1
166,2,0
166,3,1
166,4,1
166,5,0
166,6,0
166,7,1
166,8,1
166,9,1
166,10,0
166,11,1
166,12,1
166,13,0
166,14,1
166,15,1
166,16,0
166,17,1
166,18,1
166,19,1
166,20,1
167,1,1
167,2,0
167,3,1
167,4,1
167,5,0
167,6,0
167,7,1
167,8,1
167,9,1
167,10,0
167,11,0
167,12,0
167,13,1
167,14,0
167,15,1
167,16,1
167,17,1
167,18,0
167,19,1
167,20,1
168,1,0
168,2,0
168,3,0
168,4,0
168,5,0
168,6,0
168,7,0
168,8,1
168,9,0
168,10,0
168,11,0
168,12,0
168,13,0
168,14,1
168,15,1
168,16,1
168,17,0
168,18,0
168,19,0
168,20,1
169,1,0
169,2,0
169,3,1
169,4,0
169,5,1
169,6,0
169,7,1
169,8,1
169,9,0
169,10,0
169,11,0
169,12,1
169,13,0
169,14,0
169,15,1
169,16,1
169,17,0
169,18,0
169,19,1
169,20,0
170,1,0
170,2,0
170,3,1
170,4,1
170,5,0
170,6,0
170,7,1
170,8,1
170,9,0
170,10,0
170,11,0
170,12,0
170,13,1
170,14,1
170,15,1
170,16,1
170,17,0
170,18,0
170,19,0
170,20,1
171,1,1
171,2,0
171,3,0
171,4,1
171,5,1
171,6,0
171,7,1
171,8,1
171,9,1
171,10,0
171,11,0
171,12,0
171,13,1
171,14,0
171,15,1
171,16,1
171,17,1
171,18,1
171,19,0
171,20,1
172,1,1
172,2,0
172,3,1
172,4,1
172,5,0
172,6,0
172,7,1
172,8,0
172,9,1
172,10,1
172,11,1
172,12,1
172,13,1
172,14,1
172,15,1
172,16,1
172,17,0
172,18,1
172,19,0
172,20,1
173,1,1
173,2,1
173,3,0
173,4,1
173,5,1
173,6,0
173,7,1
173,8,0
173,9,1
173,10,1
173,11,0
173,12,1
173,13,0
173,14,1
173,15,1
173,16,0
173,17,0
173,18,1
173,19,0
173,20,1
174,1,0
174,2,0
174,3,0
174,4,0
174,5,1
174,6,0
174,7,1
174,8,0
174,9,0
174,10,0
174,11,0
174,12,1
174,13,0
174,14,0
174,15,0
174,16,0
174,17,0
174,18,0
174,19,0
174,20,0
175,1,1
175,2,1
175,3,1
175,4,1
175,5,1
175,6,0
175,7,1
175,8,0
175,9,1
175,10,0
175,11,1
175,12,1
175,13,0
175,14,0
175,15,1
175,16,1
175,17,1
175,18,1
175,19,1
175,20,1
176,1,1
176,2,0
176,3,1
176,4,1
176,5,0
176,6,0
176,7,1
176,8,1
176,9,1
176,10,1
176,11,1
176,12,1
176,13,1
176,14,1
176,15,1
176,16,0
176,17,1
176,18,1
176,19,0
176,20,1
177,1,1
177,2,0
177,3,1
177,4,1
177,5,1
177,6,0
177,7,1
177,8,0
177,9,1
177,10,0
177,11,1
177,12,0
177,13,0
177,14,1
177,15,1
177,16,0
177,17,0
177,18,0
177,19,0
177,20,1
178,1,0
178,2,0
178,3,0
178,4,0
178,5,0
178,6,0
178,7,0
178,8,1
178,9,0
178,10,0
178,11,0
178,12,1
178,13,0
178,14,1
178,15,0
178,16,0
178,17,0
178,18,0
178,19,0
178,20,0
179,1,0
179,2,0
179,3,1
179,4,0
179,5,0
179,6,0
179,7,0
179,8,1
179,9,0
179,10,0
179,11,0
179,12,0
179,13,0
179,14,0
179,15,0
179,16,1
179,17,0
179,18,0
179,19,0
179,20,0
180,1,1
180,2,0
180,3,0
180,4,0
180,5,1
180,6,0
180,7,1
180,8,1
180,9,0
180,10,0
180,11,0
180,12,1
180,13,0
180,14,1
180,15,1
180,16,1
180,17,1
180,18,0
180,19,0
180,20,1
181,1,1
181,2,0
181,3,1
181,4,1
181,5,1
181,6,0
181,7,1
181,8,0
181,9,1
181,10,1
181,11,1
181,12,1
181,13,1
181,14,1
181,15,1
181,16,1
181,17,1
181,18,0
181,19,0
181,20,1
182,1,1
182,2,0
182,3,1
182,4,1
182,5,0
182,6,0
182,7,1
182,8,1
182,9,1
182,10,1
182,11,0
182,12,1
182,13,0
182,14,0
182,15,1
182,16,0
182,17,1
182,18,1
182,19,0
182,20,1
183,1,1
183,2,0
183,3,1
183,4,1
183,5,0
183,6,0
183,7,1
183,8,0
183,9,1
183,10,0
183,11,1
183,12,1
183,13,0
183,14,1
183,15,1
183,16,1
183,17,0
183,18,1
183,19,0
183,20,1
184,1,1
184,2,0
184,3,1
184,4,1
184,5,0
184,6,0
184,7,1
184,8,0
184,9,1
184,10,1
184,11,1
184,12,1
184,13,0
184,14,1
184,15,1
184,16,1
184,17,0
184,18,1
184,19,0
184,20,1
185,1,0
185,2,0
185,3,1
185,4,0
185,5,0
185,6,0
185,7,1
185,8,1
185,9,1
185,10,0
185,11,0
185,12,1
185,13,1
185,14,1
185,15,1
185,16,1
185,17,0
185,18,0
185,19,1
185,20,0
186,1,1
186,2,0
186,3,0
186,4,1
186,5,0
186,6,0
186,7,1
186,8,1
186,9,0
186,10,0
186,11,0
186,12,1
186,13,1
186,14,0
186,15,1
186,16,0
186,17,1
186,18,0
186,19,0
186,20,1
187,1,1
187,2,0
187,3,0
187,4,1
187,5,0
187,6,0
187,7,1
187,8,0
187,9,1
187,10,1
187,11,0
187,12,0
187,13,0
187,14,1
187,15,1
187,16,1
187,17,1
187,18,1
187,19,1
187,20,1
188,1,1
188,2,0
188,3,0
188,4,1
188,5,0
188,6,0
188,7,1
188,8,1
188,9,1
188,10,1
188,11,0
188,12,1
188,13,0
188,14,0
188,15,1
188,16,1
188,17,1
188,18,0
188,19,0
188,20,1
189,1,1
189,2,1
189,3,1
189,4,1
189,5,1
189,6,0
189,7,1
189,8,0
189,9,1
189,10,0
189,11,0
189,12,1
189,13,1
189,14,1
189,15,1
189,16,1
189,17,0
189,18,0
189,19,0
189,20,1
190,1,1
190,2,1
190,3,1
190,4,1
190,5,1
190,6,0
190,7,1
190,8,1
190,9,1
190,10,0
190,11,1
190,12,1
190,13,1
190,14,1
190,15,1
190,16,1
190,17,1
190,18,0
190,19,1
190,20,1
191,1,0
191,2,0
191,3,1
191,4,0
191,5,1
191,6,0
191,7,0
191,8,1
191,9,0
191,10,0
191,11,0
191,12,1
191,13,0
191,14,0
191,15,0
191,16,1
191,17,0
191,18,0
191,19,0
191,20,0
192,1,1
192,2,0
192,3,0
192,4,1
192,5,0
192,6,0
192,7,1
192,8,1
192,9,1
192,10,0
192,11,0
192,12,1
192,13,0
192,14,1
192,15,1
192,16,1
192,17,1
192,18,0
192,19,0
192,20,1
193,1,1
193,2,1
193,3,1
193,4,1
193,5,0
193,6,1
193,7,1
193,8,1
193,9,1
193,10,1
193,11,1
193,12,1
193,13,1
193,14,1
193,15,1
193,16,1
193,17,1
193,18,1
193,19,0
193,20,1
194,1,0
194,2,0
194,3,1
194,4,0
194,5,0
194,6,0
194,7,1
194,8,1
194,9,0
194,10,0
194,11,0
194,12,1
194,13,0
194,14,0
194,15,1
194,16,0
194,17,0
194,18,0
194,19,1
194,20,1
195,1,1
195,2,1
195,3,1
195,4,1
195,5,1
195,6,0
195,7,1
195,8,0
195,9,1
195,10,0
195,11,1
195,12,1
195,13,1
195,14,1
195,15,1
195,16,1
195,17,0
195,18,1
195,19,1
195,20,1
196,1,1
196,2,0
196,3,1
196,4,1
196,5,1
196,6,0
196,7,1
196,8,1
196,9,1
196,10,0
196,11,0
196,12,1
196,13,1
196,14,1
196,15,1
196,16,1
196,17,1
196,18,0
196,19,1
196,20,1
197,1,1
197,2,1
197,3,1
197,4,1
197,5,0
197,6,0
197,7,1
197,8,0
197,9,1
197,10,1
197,11,1
197,12,0
197,13,1
197,14,1
197,15,1
197,16,1
197,17,0
197,18,1
197,19,1
197,20,1
198,1,1
198,2,0
198,3,1
198,4,1
198,5,0
198,6,0
198,7,1
198,8,1
198,9,0
198,10,0
198,11,1
198,12,0
198,13,0
198,14,0
198,15,1
198,16,0
198,17,0
198,18,0
198,19,0
198,20,0
199,1,1
199,2,0
199,3,1
199,4,1
199,5,1
199,6,0
199,7,1
199,8,1
199,9,0
199,10,1
199,11,0
199,12,0
199,13,0
199,14,1
199,15,1
199,16,1
199,17,1
199,18,0
199,19,0
199,20,1
200,1,1
200,2,1
200,3,0
200,4,1
200,5,1
200,6,0
200,7,1
200,8,1
200,9,1
200,10,1
200,11,0
200,12,0
200,13,1
200,14,0
200,15,1
200,16,0
200,17,1
200,18,1
200,19,1
200,20,1
201,1,1
201,2,0
201,3,0
201,4,1
201,5,0
201,6,0
201,7,1
201,8,0
201,9,1
201,10,0
201,11,1
201,12,1
201,13,1
201,14,1
201,15,1
201,16,0
201,17,0
201,18,1
201,19,1
201,20,1
202,1,1
202,2,1
202,3,1
202,4,1
202,5,0
202,6,0
202,7,1
202,8,1
202,9,1
202,10,0
202,11,0
202,12,0
202,13,1
202,14,0
202,15,1
202,16,1
202,17,1
202,18,1
202,19,0
202,20,1
203,1,1
203,2,1
203,3,1
203,4,1
203,5,1
203,6,0
203,7,1
203,8,1
203,9,1
203,10,1
203,11,1
203,12,0
203,13,1
203,14,0
203,15,1
203,16,1
203,17,0
203,18,1
203,19,1
203,20,1
204,1,1
204,2,0
204,3,1
204,4,1
204,5,0
204,6,0
204,7,1
204,8,1
204,9,1
204,10,0
204,11,1
204,12,0
204,13,0
204,14,1
204,15,1
204,16,0
204,17,1
204,18,0
204,19,0
204,20,1
205,1,1
205,2,1
205,3,1
205,4,1
205,5,1
205,6,0
205,7,1
205,8,1
205,9,1
205,10,1
205,11,1
205,12,0
205,13,1
205,14,0
205,15,1
205,16,1
205,17,1
205,18,1
205,19,1
205,20,1
206,1,1
206,2,0
206,3,0
206,4,1
206,5,0
206,6,0
206,7,1
206,8,0
206,9,1
206,10,0
206,11,0
206,12,1
206,13,1
206,14,1
206,15,0
206,16,0
206,17,0
206,18,0
206,19,0
206,20,1
207,1,1
207,2,0
207,3,1
207,4,1
207,5,1
207,6,0
207,7,1
207,8,0
207,9,1
207,10,1
207,11,0
207,12,1
207,13,1
207,14,1
207,15,1
207,16,0
207,17,1
207,18,1
207,19,1
207,20,1
208,1,1
208,2,0
208,3,1
208,4,1
208,5,1
208,6,0
208,7,1
208,8,0
208,9,0
208,10,0
208,11,0
208,12,1
208,13,1
208,14,0
208,15,0
208,16,0
208,17,0
208,18,0
208,19,1
208,20,1
209,1,1
209,2,1
209,3,1
209,4,1
209,5,1
209,6,0
209,7,1
209,8,1
209,9,1
209,10,0
209,11,0
209,12,1
209,13,1
209,14,0
209,15,1
209,16,0
209,17,0
209,18,1
209,19,1
209,20,1
210,1,1
210,2,1
210,3,1
210,4,1
210,5,1
210,6,0
210,7,1
210,8,0
210,9,1
210,10,1
210,11,0
210,12,1
210,13,0
210,14,0
210,15,1
210,16,1
210,17,1
210,18,0
210,19,0
210,20,1
211,1,1
211,2,1
211,3,1
211,4,1
211,5,1
211,6,0
211,7,1
211,8,0
211,9,1
211,10,1
211,11,0
211,12,1
211,13,1
211,14,0
211,15,1
211,16,1
211,17,1
211,18,1
211,19,0
211,20,1
212,1,1
212,2,0
212,3,1
212,4,1
212,5,0
212,6,0
212,7,1
212,8,1
212,9,0
212,10,0
212,11,1
212,12,1
212,13,0
212,14,1
212,15,1
212,16,1
212,17,0
212,18,0
212,19,1
212,20,1
213,1,1
213,2,1
213,3,1
213,4,1
213,5,0
213,6,0
213,7,1
213,8,0
213,9,1
213,10,1
213,11,1
213,12,1
213,13,1
213,14,0
213,15,1
213,16,1
213,17,1
213,18,1
213,19,1
213,20,1
214,1,1
214,2,0
214,3,0
214,4,1
214,5,1
214,6,0
214,7,1
214,8,0
214,9,0
214,10,0
214,11,1
214,12,0
214,13,0
214,14,1
214,15,1
214,16,1
214,17,1
214,18,0
214,19,0
214,20,1
215,1,1
215,2,0
215,3,1
215,4,0
215,5,1
215,6,0
215,7,1
215,8,1
215,9,1
215,10,0
215,11,0
215,12,0
215,13,1
215,14,0
215,15,1
215,16,1
215,17,0
215,18,0
215,19,0
215,20,1
216,1,0
216,2,1
216,3,0
216,4,0
216,5,0
216,6,0
216,7,1
216,8,0
216,9,0
216,10,0
216,11,0
216,12,1
216,13,0
216,14,0
216,15,1
216,16,0
216,17,1
216,18,0
216,19,0
216,20,0
217,1,1
217,2,0
217,3,0
217,4,1
217,5,1
217,6,0
217,7,1
217,8,0
217,9,1
217,10,0
217,11,0
217,12,1
217,13,0
217,14,0
217,15,1
217,16,0
217,17,1
217,18,0
217,19,0
217,20,1
218,1,1
218,2,1
218,3,0
218,4,1
218,5,1
218,6,0
218,7,0
218,8,1
218,9,1
218,10,1
218,11,1
218,12,1
218,13,0
218,14,1
218,15,1
218,16,1
218,17,1
218,18,1
218,19,1
218,20,1
219,1,1
219,2,0
219,3,1
219,4,1
219,5,1
219,6,0
219,7,1
219,8,1
219,9,1
219,10,1
219,11,0
219,12,1
219,13,1
219,14,1
219,15,1
219,16,1
219,17,1
219,18,0
219,19,0
219,20,1
220,1,1
220,2,1
220,3,1
220,4,1
220,5,1
220,6,0
220,7,1
220,8,0
220,9,1
220,10,1
220,11,0
220,12,0
220,13,0
220,14,1
220,15,1
220,16,1
220,17,1
220,18,0
220,19,0
220,20,1
221,1,1
221,2,0
221,3,0
221,4,1
221,5,1
221,6,0
221,7,0
221,8,0
221,9,0
221,10,1
221,11,1
221,12,1
221,13,1
221,14,1
221,15,1
221,16,0
221,17,0
221,18,0
221,19,0
221,20,0
222,1,1
222,2,1
222,3,1
222,4,1
222,5,1
222,6,1
222,7,1
222,8,0
222,9,1
222,10,1
222,11,1
222,12,1
222,13,1
222,14,1
222,15,1
222,16,0
222,17,0
222,18,1
222,19,1
222,20,1
223,1,0
223,2,0
223,3,1
223,4,1
223,5,0
223,6,0
223,7,1
223,8,1
223,9,0
223,10,1
223,11,1
223,12,1
223,13,1
223,14,0
223,15,1
223,16,1
223,17,0
223,18,0
223,19,0
223,20,1
224,1,1
224,2,1
224,3,1
224,4,0
224,5,0
224,6,0
224,7,0
224,8,0
224,9,0
224,10,0
224,11,0
224,12,1
224,13,0
224,14,1
224,15,1
224,16,1
224,17,0
224,18,0
224,19,0
224,20,1
225,1,1
225,2,1
225,3,1
225,4,1
225,5,0
225,6,0
225,7,1
225,8,1
225,9,1
225,10,1
225,11,1
225,12,1
225,13,1
225,14,1
225,15,1
225,16,0
225,17,0
225,18,1
225,19,0
225,20,1
226,1,1
226,2,0
226,3,1
226,4,1
226,5,0
226,6,0
226,7,1
226,8,1
226,9,1
226,10,1
226,11,1
226,12,1
226,13,0
226,14,1
226,15,1
226,16,0
226,17,0
226,18,0
226,19,0
226,20,0
227,1,0
227,2,0
227,3,1
227,4,0
227,5,1
227,6,0
227,7,1
227,8,1
227,9,0
227,10,0
227,11,0
227,12,0
227,13,0
227,14,0
227,15,0
227,16,0
227,17,0
227,18,0
227,19,0
227,20,0
228,1,1
228,2,1
228,3,1
228,4,1
228,5,1
228,6,0
228,7,1
228,8,0
228,9,1
228,10,1
228,11,1
228,12,1
228,13,1
228,14,1
228,15,1
228,16,1
228,17,0
228,18,1
228,19,0
228,20,1
229,1,0
229,2,0
229,3,1
229,4,0
229,5,1
229,6,0
229,7,1
229,8,1
229,9,0
229,10,0
229,11,0
229,12,0
229,13,0
229,14,0
229,15,0
229,16,0
229,17,0
229,18,0
229,19,0
229,20,0
230,1,0
230,2,0
230,3,1
230,4,0
230,5,1
230,6,0
230,7,0
230,8,0
230,9,0
230,10,1
230,11,0
230,12,0
230,13,1
230,14,0
230,15,0
230,16,1
230,17,0
230,18,0
230,19,0
230,20,0
231,1,0
231,2,0
231,3,1
231,4,1
231,5,0
231,6,0
231,7,0
231,8,1
231,9,0
231,10,1
231,11,0
231,12,0
231,13,0
231,14,1
231,15,0
231,16,0
231,17,0
231,18,0
231,19,0
231,20,1
232,1,1
232,2,0
232,3,0
232,4,1
232,5,1
232,6,0
232,7,1
232,8,0
232,9,0
232,10,0
232,11,1
232,12,1
232,13,1
232,14,1
232,15,1
232,16,1
232,17,0
232,18,1
232,19,0
232,20,1
233,1,1
233,2,0
233,3,1
233,4,1
233,5,1
233,6,0
233,7,1
233,8,0
233,9,1
233,10,1
233,11,0
233,12,0
233,13,1
233,14,1
233,15,1
233,16,0
233,17,1
233,18,0
233,19,0
233,20,1
234,1,1
234,2,0
234,3,0
234,4,1
234,5,1
234,6,0
234,7,1
234,8,1
234,9,1
234,10,1
234,11,1
234,12,0
234,13,0
234,14,1
234,15,1
234,16,1
234,17,1
234,18,1
234,19,1
234,20,1
235,1,0
235,2,0
235,3,1
235,4,0
235,5,1
235,6,0
235,7,1
235,8,1
235,9,0
235,10,1
235,11,0
235,12,0
235,13,0
235,14,0
235,15,1
235,16,1
235,17,1
235,18,0
235,19,0
235,20,1
236,1,1
236,2,1
236,3,1
236,4,1
236,5,1
236,6,0
236,7,1
236,8,1
236,9,1
236,10,1
236,11,1
236,12,1
236,13,0
236,14,0
236,15,1
236,16,1
236,17,1
236,18,1
236,19,1
236,20,1
237,1,1
237,2,0
237,3,1
237,4,1
237,5,0
237,6,0
237,7,0
237,8,0
237,9,0
237,10,0
237,11,0
237,12,0
237,13,0
237,14,0
237,15,1
237,16,1
237,17,0
237,18,0
237,19,0
237,20,1
238,1,1
238,2,0
238,3,1
238,4,1
238,5,0
238,6,0
238,7,1
238,8,0
238,9,1
238,10,1
238,11,1
238,12,1
238,13,1
238,14,1
238,15,1
238,16,1
238,17,1
238,18,0
238,19,1
238,20,1
239,1,1
239,2,0
239,3,0
239,4,1
239,5,1
239,6,0
239,7,1
239,8,0
239,9,1
239,10,0
239,11,1
239,12,0
239,13,0
239,14,1
239,15,1
239,16,1
239,17,1
239,18,0
239,19,0
239,20,1
240,1,1
240,2,1
240,3,1
240,4,1
240,5,0
240,6,0
240,7,1
240,8,0
240,9,1
240,10,1
240,11,1
240,12,1
240,13,0
240,14,0
240,15,1
240,16,1
240,17,1
240,18,1
240,19,1
240,20,1
241,1,1
241,2,0
241,3,0
241,4,1
241,5,0
241,6,0
241,7,1
241,8,0
241,9,1
241,10,1
241,11,0
241,12,0
241,13,0
241,14,0
241,15,0
241,16,0
241,17,0
241,18,0
241,19,0
241,20,1
242,1,1
242,2,1
242,3,1
242,4,0
242,5,0
242,6,0
242,7,1
242,8,0
242,9,0
242,10,0
242,11,0
242,12,1
242,13,0
242,14,0
242,15,1
242,16,0
242,17,0
242,18,0
242,19,1
242,20,0
243,1,0
243,2,0
243,3,0
243,4,0
243,5,1
243,6,0
243,7,1
243,8,1
243,9,0
243,10,0
243,11,0
243,12,0
243,13,0
243,14,1
243,15,0
243,16,1
243,17,0
243,18,0
243,19,0
243,20,1
244,1,0
244,2,0
244,3,1
244,4,0
244,5,1
244,6,0
244,7,1
244,8,0
244,9,0
244,10,0
244,11,1
244,12,0
244,13,0
244,14,0
244,15,0
244,16,0
244,17,0
244,18,0
244,19,0
244,20,0
245,1,0
245,2,0
245,3,1
245,4,1
245,5,1
245,6,0
245,7,0
245,8,0
245,9,0
245,10,1
245,11,0
245,12,0
245,13,0
245,14,0
245,15,0
245,16,1
245,17,0
245,18,0
245,19,0
245,20,1
246,1,0
246,2,0
246,3,0
246,4,0
246,5,1
246,6,0
246,7,1
246,8,1
246,9,0
246,10,1
246,11,0
246,12,0
246,13,0
246,14,1
246,15,1
246,16,0
246,17,1
246,18,0
246,19,0
246,20,0
247,1,1
247,2,0
247,3,0
247,4,1
247,5,0
247,6,0
247,7,1
247,8,1
247,9,1
247,10,1
247,11,0
247,12,0
247,13,0
247,14,1
247,15,1
247,16,0
247,17,1
247,18,0
247,19,1
247,20,1
248,1,0
248,2,0
248,3,1
248,4,1
248,5,1
248,6,0
248,7,1
248,8,0
248,9,0
248,10,1
248,11,0
248,12,0
248,13,1
248,14,0
248,15,1
248,16,1
248,17,0
248,18,0
248,19,0
248,20,1
249,1,1
249,2,1
249,3,1
249,4,1
249,5,1
249,6,0
249,7,1
249,8,0
249,9,1
249,10,1
249,11,1
249,12,1
249,13,0
249,14,1
249,15,1
249,16,1
249,17,1
249,18,1
249,19,0
249,20,1
250,1,0
250,2,0
250,3,1
250,4,0
250,5,1
250,6,0
250,7,1
250,8,0
250,9,0
250,10,0
250,11,1
250,12,0
250,13,0
250,14,1
250,15,1
250,16,1
250,17,1
250,18,0
250,19,0
250,20,0
251,1,0
251,2,0
251,3,1
251,4,0
251,5,0
251,6,0
251,7,0
251,8,0
251,9,0
251,10,0
251,11,0
251,12,0
251,13,0
251,14,1
251,15,1
251,16,0
251,17,0
251,18,0
251,19,0
251,20,1
252,1,0
252,2,0
252,3,1
252,4,0
252,5,1
252,6,0
252,7,0
252,8,0
252,9,0
252,10,0
252,11,0
252,12,0
252,13,1
252,14,0
252,15,0
252,16,0
252,17,0
252,18,0
252,19,0
252,20,0
253,1,1
253,2,1
253,3,1
253,4,1
253,5,0
253,6,0
253,7,1
253,8,1
253,9,1
253,10,1
253,11,0
253,12,0
253,13,1
253,14,1
253,15,1
253,16,1
253,17,1
253,18,1
253,19,1
253,20,1
254,1,0
254,2,0
254,3,1
254,4,0
254,5,0
254,6,0
254,7,1
254,8,1
254,9,0
254,10,0
254,11,1
254,12,0
254,13,0
254,14,1
254,15,0
254,16,0
254,17,0
254,18,0
254,19,1
254,20,0
255,1,0
255,2,0
255,3,1
255,4,1
255,5,0
255,6,0
255,7,1
255,8,1
255,9,0
255,10,0
255,11,1
255,12,0
255,13,0
255,14,1
255,15,1
255,16,1
255,17,1
255,18,0
255,19,0
255,20,1
256,1,1
256,2,0
256,3,1
256,4,0
256,5,1
256,6,0
256,7,1
256,8,0
256,9,1
256,10,0
256,11,0
256,12,0
256,13,0
256,14,0
256,15,1
256,16,0
256,17,0
256,18,0
256,19,1
256,20,1
257,1,1
257,2,1
257,3,1
257,4,1
257,5,1
257,6,0
257,7,1
257,8,0
257,9,1
257,10,1
257,11,0
257,12,1
257,13,0
257,14,1
257,15,1
257,16,1
257,17,1
257,18,0
257,19,1
257,20,1
258,1,1
258,2,1
258,3,1
258,4,1
258,5,1
258,6,0
258,7,1
258,8,1
258,9,1
258,10,1
258,11,1
258,12,0
258,13,0
258,14,1
258,15,1
258,16,1
258,17,0
258,18,0
258,19,0
258,20,1
259,1,0
259,2,0
259,3,1
259,4,0
259,5,0
259,6,0
259,7,1
259,8,0
259,9,0
259,10,0
259,11,0
259,12,0
259,13,0
259,14,0
259,15,0
259,16,1
259,17,0
259,18,0
259,19,0
259,20,0
260,1,0
260,2,0
260,3,0
260,4,1
260,5,0
260,6,0
260,7,0
260,8,0
260,9,0
260,10,1
260,11,0
260,12,0
260,13,0
260,14,0
260,15,0
260,16,1
260,17,0
260,18,0
260,19,0
260,20,0
261,1,1
261,2,0
261,3,1
261,4,1
261,5,1
261,6,0
261,7,1
261,8,1
261,9,1
261,10,0
261,11,1
261,12,1
261,13,1
261,14,1
261,15,1
261,16,0
261,17,1
261,18,1
261,19,1
261,20,1
262,1,1
262,2,0
262,3,1
262,4,1
262,5,0
262,6,0
262,7,1
262,8,0
262,9,1
262,10,0
262,11,1
262,12,0
262,13,0
262,14,1
262,15,1
262,16,0
262,17,1
262,18,0
262,19,1
262,20,1
263,1,1
263,2,0
263,3,1
263,4,1
263,5,0
263,6,0
263,7,1
263,8,0
263,9,0
263,10,0
263,11,0
263,12,0
263,13,0
263,14,1
263,15,1
263,16,1
263,17,0
263,18,0
263,19,0
263,20,1
264,1,0
264,2,0
264,3,1
264,4,1
264,5,0
264,6,0
264,7,1
264,8,1
264,9,0
264,10,0
264,11,1
264,12,1
264,13,0
264,14,0
264,15,1
264,16,0
264,17,0
264,18,0
264,19,0
264,20,0
265,1,1
265,2,0
265,3,1
265,4,1
265,5,1
265,6,0
265,7,1
265,8,1
265,9,1
265,10,0
265,11,0
265,12,0
265,13,1
265,14,0
265,15,1
265,16,1
265,17,1
265,18,0
265,19,0
265,20,1
266,1,0
266,2,1
266,3,1
266,4,0
266,5,1
266,6,0
266,7,0
266,8,0
266,9,0
266,10,0
266,11,0
266,12,1
266,13,0
266,14,0
266,15,1
266,16,1
266,17,0
266,18,0
266,19,1
266,20,1
267,1,1
267,2,0
267,3,1
267,4,0
267,5,0
267,6,0
267,7,0
267,8,0
267,9,0
267,10,0
267,11,1
267,12,0
267,13,0
267,14,1
267,15,1
267,16,0
267,17,1
267,18,0
267,19,0
267,20,1
268,1,1
268,2,0
268,3,0
268,4,1
268,5,1
268,6,0
268,7,1
268,8,1
268,9,1
268,10,0
268,11,1
268,12,0
268,13,0
268,14,1
268,15,1
268,16,1
268,17,1
268,18,1
268,19,0
268,20,1
269,1,1
269,2,0
269,3,0
269,4,1
269,5,1
269,6,0
269,7,1
269,8,1
269,9,1
269,10,0
269,11,1
269,12,0
269,13,0
269,14,0
269,15,1
269,16,0
269,17,0
269,18,0
269,19,0
269,20,1
270,1,1
270,2,0
270,3,1
270,4,1
270,5,0
270,6,0
270,7,1
270,8,0
270,9,1
270,10,0
270,11,0
270,12,0
270,13,1
270,14,0
270,15,1
270,16,1
270,17,1
270,18,1
270,19,0
270,20,1
271,1,1
271,2,0
271,3,1
271,4,1
271,5,0
271,6,0
271,7,1
271,8,0
271,9,1
271,10,0
271,11,1
271,12,1
271,13,0
271,14,0
271,15,1
271,16,1
271,17,0
271,18,0
271,19,0
271,20,0
272,1,1
272,2,1
272,3,1
272,4,1
272,5,1
272,6,0
272,7,1
272,8,1
272,9,1
272,10,0
272,11,0
272,12,0
272,13,1
272,14,1
272,15,1
272,16,1
272,17,1
272,18,1
272,19,1
272,20,1
273,1,0
273,2,0
273,3,1
273,4,0
273,5,0
273,6,0
273,7,1
273,8,0
273,9,0
273,10,0
273,11,0
273,12,0
273,13,0
273,14,0
273,15,0
273,16,0
273,17,1
273,18,0
273,19,0
273,20,0
274,1,0
274,2,0
274,3,1
274,4,0
274,5,0
274,6,0
274,7,0
274,8,0
274,9,0
274,10,1
274,11,0
274,12,1
274,13,0
274,14,0
274,15,0
274,16,1
274,17,0
274,18,0
274,19,0
274,20,0
275,1,0
275,2,0
275,3,1
275,4,0
275,5,0
275,6,0
275,7,1
275,8,1
275,9,1
275,10,0
275,11,0
275,12,0
275,13,0
275,14,1
275,15,0
275,16,0
275,17,0
275,18,0
275,19,0
275,20,0
276,1,1
276,2,1
276,3,0
276,4,1
276,5,0
276,6,0
276,7,1
276,8,0
276,9,0
276,10,1
276,11,0
276,12,1
276,13,1
276,14,1
276,15,1
276,16,1
276,17,1
276,18,0
276,19,1
276,20,1
277,1,1
277,2,1
277,3,0
277,4,1
277,5,0
277,6,0
277,7,1
277,8,0
277,9,1
277,10,0
277,11,1
277,12,0
277,13,1
277,14,0
277,15,1
277,16,1
277,17,1
277,18,1
277,19,0
277,20,1
278,1,0
278,2,0
278,3,1
278,4,0
278,5,0
278,6,0
278,7,1
278,8,1
278,9,0
278,10,0
278,11,0
278,12,0
278,13,0
278,14,1
278,15,0
278,16,1
278,17,1
278,18,0
278,19,0
278,20,0
279,1,1
279,2,0
279,3,1
279,4,1
279,5,1
279,6,0
279,7,1
279,8,0
279,9,0
279,10,0
279,11,1
279,12,1
279,13,0
279,14,1
279,15,1
279,16,0
279,17,0
279,18,0
279,19,0
279,20,0
280,1,1
280,2,0
280,3,1
280,4,1
280,5,1
280,6,0
280,7,1
280,8,0
280,9,1
280,10,0
280,11,1
280,12,0
280,13,0
280,14,1
280,15,1
280,16,1
280,17,0
280,18,0
280,19,1
280,20,1
281,1,0
281,2,0
281,3,1
281,4,1
281,5,0
281,6,0
281,7,0
281,8,1
281,9,0
281,10,1
281,11,0
281,12,1
281,13,0
281,14,1
281,15,0
281,16,1
281,17,1
281,18,0
281,19,0
281,20,0
282,1,1
282,2,0
282,3,0
282,4,1
282,5,1
282,6,0
282,7,1
282,8,0
282,9,1
282,10,0
282,11,0
282,12,1
282,13,0
282,14,1
282,15,1
282,16,1
282,17,1
282,18,1
282,19,0
282,20,1
283,1,1
283,2,0
283,3,0
283,4,1
283,5,1
283,6,0
283,7,1
283,8,0
283,9,1
283,10,1
283,11,1
283,12,1
283,13,0
283,14,1
283,15,1
283,16,1
283,17,0
283,18,1
283,19,0
283,20,1
284,1,0
284,2,0
284,3,1
284,4,0
284,5,0
284,6,0
284,7,0
284,8,0
284,9,0
284,10,0
284,11,0
284,12,1
284,13,1
284,14,1
284,15,0
284,16,1
284,17,1
284,18,0
284,19,0
284,20,0
285,1,1
285,2,0
285,3,0
285,4,1
285,5,1
285,6,0
285,7,1
285,8,0
285,9,1
285,10,1
285,11,0
285,12,1
285,13,1
285,14,0
285,15,1
285,16,0
285,17,1
285,18,1
285,19,1
285,20,1
286,1,0
286,2,0
286,3,1
286,4,0
286,5,0
286,6,0
286,7,1
286,8,0
286,9,1
286,10,0
286,11,1
286,12,1
286,13,0
286,14,0
286,15,1
286,16,1
286,17,1
286,18,0
286,19,0
286,20,1
287,1,0
287,2,0
287,3,1
287,4,0
287,5,1
287,6,0
287,7,1
287,8,1
287,9,0
287,10,1
287,11,0
287,12,1
287,13,0
287,14,0
287,15,0
287,16,1
287,17,0
287,18,0
287,19,0
287,20,1
288,1,1
288,2,0
288,3,1
288,4,1
288,5,0
288,6,0
288,7,1
288,8,1
288,9,1
288,10,0
288,11,1
288,12,0
288,13,0
288,14,0
288,15,1
288,16,0
288,17,1
288,18,0
288,19,0
288,20,1
289,1,0
289,2,0
289,3,0
289,4,0
289,5,0
289,6,0
289,7,1
289,8,0
289,9,0
289,10,0
289,11,0
289,12,0
289,13,0
289,14,0
289,15,0
289,16,0
289,17,1
289,18,0
289,19,0
289,20,0
290,1,0
290,2,0
290,3,0
290,4,0
290,5,0
290,6,0
290,7,1
290,8,0
290,9,0
290,10,0
290,11,0
290,12,1
290,13,0
290,14,0
290,15,0
290,16,1
290,17,0
290,18,0
290,19,0
290,20,0
291,1,0
291,2,0
291,3,0
291,4,0
291,5,0
291,6,0
291,7,0
291,8,1
291,9,0
291,10,0
291,11,0
291,12,0
291,13,0
291,14,1
291,15,0
291,16,0
291,17,0
291,18,0
291,19,0
291,20,0
292,1,1
292,2,0
292,3,1
292,4,1
292,5,0
292,6,0
292,7,1
292,8,1
292,9,1
292,10,0
292,11,1
292,12,1
292,13,1
292,14,1
292,15,1
292,16,0
292,17,0
292,18,0
292,19,0
292,20,1
293,1,1
293,2,0
293,3,1
293,4,1
293,5,1
293,6,0
293,7,0
293,8,0
293,9,1
293,10,0
293,11,1
293,12,0
293,13,0
293,14,0
293,15,1
293,16,1
293,17,1
293,18,0
293,19,0
293,20,1
294,1,1
294,2,0
294,3,1
294,4,1
294,5,0
294,6,0
294,7,1
294,8,0
294,9,1
294,10,1
294,11,1
294,12,1
294,13,0
294,14,1
294,15,1
294,16,0
294,17,1
294,18,0
294,19,0
294,20,1
295,1,1
295,2,0
295,3,1
295,4,1
295,5,0
295,6,0
295,7,1
295,8,1
295,9,1
295,10,1
295,11,1
295,12,0
295,13,1
295,14,1
295,15,1
295,16,1
295,17,1
295,18,0
295,19,0
295,20,1
296,1,1
296,2,0
296,3,1
296,4,1
296,5,0
296,6,0
296,7,1
296,8,1
296,9,1
296,10,0
296,11,1
296,12,1
296,13,0
296,14,1
296,15,1
296,16,1
296,17,0
296,18,0
296,19,1
296,20,1
297,1,1
297,2,1
297,3,1
297,4,1
297,5,0
297,6,0
297,7,1
297,8,0
297,9,1
297,10,0
297,11,1
297,12,1
297,13,1
297,14,0
297,15,1
297,16,1
297,17,1
297,18,1
297,19,1
297,20,1
298,1,1
298,2,0
298,3,1
298,4,1
298,5,1
298,6,0
298,7,1
298,8,1
298,9,1
298,10,0
298,11,0
298,12,0
298,13,0
298,14,0
298,15,1
298,16,1
298,17,0
298,18,0
298,19,0
298,20,1
299,1,1
299,2,0
299,3,1
299,4,1
299,5,1
299,6,0
299,7,1
299,8,1
299,9,1
299,10,0
299,11,0
299,12,0
299,13,0
299,14,1
299,15,1
299,16,0
299,17,0
299,18,0
299,19,1
299,20,1
300,1,1
300,2,0
300,3,0
300,4,0
300,5,1
300,6,0
300,7,1
300,8,0
300,9,1
300,10,0
300,11,0
300,12,1
300,13,0
300,14,0
300,15,1
300,16,0
300,17,0
300,18,0
300,19,1
300,20,1
301,1,1
301,2,1
301,3,1
301,4,1
301,5,1
301,6,1
301,7,1
301,8,1
301,9,1
301,10,0
301,11,1
301,12,1
301,13,1
301,14,1
301,15,1
301,16,1
301,17,1
301,18,1
301,19,0
301,20,1
302,1,1
302,2,1
302,3,1
302,4,1
302,5,0
302,6,0
302,7,1
302,8,0
302,9,1
302,10,0
302,11,0
302,12,1
302,13,0
302,14,1
302,15,1
302,16,1
302,17,1
302,18,0
302,19,1
302,20,1
303,1,1
303,2,1
303,3,1
303,4,1
303,5,0
303,6,0
303,7,1
303,8,1
303,9,1
303,10,1
303,11,1
303,12,1
303,13,0
303,14,0
303,15,1
303,16,1
303,17,1
303,18,1
303,19,1
303,20,1
304,1,1
304,2,0
304,3,0
304,4,1
304,5,1
304,6,0
304,7,1
304,8,0
304,9,1
304,10,1
304,11,1
304,12,1
304,13,0
304,14,0
304,15,1
304,16,0
304,17,0
304,18,1
304,19,1
304,20,1
305,1,0
305,2,0
305,3,1
305,4,0
305,5,0
305,6,0
305,7,1
305,8,0
305,9,0
305,10,1
305,11,0
305,12,1
305,13,0
305,14,0
305,15,0
305,16,0
305,17,0
305,18,0
305,19,0
305,20,1
306,1,0
306,2,0
306,3,1
306,4,0
306,5,0
306,6,0
306,7,0
306,8,1
306,9,1
306,10,1
306,11,0
306,12,0
306,13,1
306,14,1
306,15,0
306,16,0
306,17,0
306,18,0
306,19,0
306,20,0
307,1,1
307,2,1
307,3,1
307,4,1
307,5,0
307,6,0
307,7,1
307,8,1
307,9,1
307,10,1
307,11,0
307,12,0
307,13,0
307,14,1
307,15,1
307,16,1
307,17,1
307,18,1
307,19,0
307,20,1
308,1,1
308,2,0
308,3,1
308,4,1
308,5,0
308,6,0
308,7,1
308,8,0
308,9,1
308,10,1
308,11,1
308,12,0
308,13,1
308,14,1
308,15,1
308,16,1
308,17,1
308,18,1
308,19,0
308,20,1
309,1,0
309,2,0
309,3,0
309,4,0
309,5,0
309,6,0
309,7,1
309,8,0
309,9,0
309,10,0
309,11,0
309,12,0
309,13,1
309,14,0
309,15,1
309,16,1
309,17,0
309,18,0
309,19,0
309,20,1
310,1,0
310,2,0
310,3,0
310,4,0
310,5,1
310,6,0
310,7,1
310,8,0
310,9,0
310,10,0
310,11,1
310,12,0
310,13,0
310,14,1
310,15,0
310,16,0
310,17,1
310,18,0
310,19,0
310,20,0
311,1,1
311,2,1
311,3,1
311,4,1
311,5,1
311,6,0
311,7,1
311,8,1
311,9,1
311,10,0
311,11,1
311,12,0
311,13,0
311,14,1
311,15,1
311,16,0
311,17,1
311,18,1
311,19,1
311,20,1
312,1,1
312,2,1
312,3,1
312,4,1
312,5,0
312,6,0
312,7,1
312,8,1
312,9,1
312,10,0
312,11,1
312,12,1
312,13,1
312,14,0
312,15,1
312,16,1
312,17,1
312,18,1
312,19,1
312,20,1
313,1,1
313,2,0
313,3,1
313,4,1
313,5,1
313,6,0
313,7,1
313,8,1
313,9,1
313,10,0
313,11,0
313,12,1
313,13,0
313,14,0
313,15,1
313,16,0
313,17,0
313,18,0
313,19,0
313,20,1
314,1,1
314,2,0
314,3,1
314,4,1
314,5,1
314,6,0
314,7,1
314,8,0
314,9,1
314,10,0
314,11,1
314,12,1
314,13,0
314,14,0
314,15,1
314,16,1
314,17,1
314,18,1
314,19,1
314,20,1
315,1,1
315,2,0
315,3,1
315,4,1
315,5,0
315,6,0
315,7,1
315,8,0
315,9,1
315,10,0
315,11,0
315,12,1
315,13,0
315,14,0
315,15,0
315,16,1
315,17,0
315,18,0
315,19,0
315,20,1
316,1,1
316,2,0
316,3,1
316,4,1
316,5,0
316,6,0
316,7,1
316,8,0
316,9,1
316,10,0
316,11,1
316,12,1
316,13,0
316,14,1
316,15,1
316,16,1
316,17,1
316,18,0
316,19,1
316,20,1
317,1,0
317,2,0
317,3,0
317,4,0
317,5,1
317,6,0
317,7,1
317,8,1
317,9,0
317,10,0
317,11,1
317,12,0
317,13,0
317,14,0
317,15,1
317,16,1
317,17,0
317,18,0
317,19,0
317,20,0
318,1,1
318,2,1
318,3,1
318,4,0
318,5,0
318,6,0
318,7,1
318,8,1
318,9,1
318,10,0
318,11,0
318,12,1
318,13,0
318,14,1
318,15,1
318,16,1
318,17,0
318,18,0
318,19,1
318,20,1
319,1,0
319,2,0
319,3,1
319,4,0
319,5,0
319,6,0
319,7,1
319,8,0
319,9,0
319,10,0
319,11,0
319,12,0
319,13,0
319,14,0
319,15,0
319,16,1
319,17,1
319,18,0
319,19,0
319,20,0
320,1,1
320,2,0
320,3,0
320,4,1
320,5,1
320,6,0
320,7,0
320,8,1
320,9,1
320,10,1
320,11,0
320,12,1
320,13,0
320,14,1
320,15,1
320,16,1
320,17,1
320,18,0
320,19,0
320,20,1
321,1,0
321,2,0
321,3,1
321,4,0
321,5,1
321,6,0
321,7,1
321,8,0
321,9,0
321,10,0
321,11,0
321,12,0
321,13,0
321,14,1
321,15,0
321,16,0
321,17,1
321,18,0
321,19,0
321,20,0
322,1,1
322,2,0
322,3,1
322,4,1
322,5,1
322,6,0
322,7,1
322,8,1
322,9,1
322,10,0
322,11,0
322,12,0
322,13,0
322,14,0
322,15,1
322,16,1
322,17,0
322,18,0
322,19,0
322,20,1
323,1,1
323,2,1
323,3,0
323,4,1
323,5,1
323,6,0
323,7,1
323,8,0
323,9,1
323,10,0
323,11,1
323,12,1
323,13,0
323,14,0
323,15,1
323,16,1
323,17,0
323,18,0
323,19,0
323,20,1
324,1,1
324,2,0
324,3,1
324,4,1
324,5,1
324,6,0
324,7,1
324,8,0
324,9,1
324,10,0
324,11,1
324,12,1
324,13,0
324,14,1
324,15,1
324,16,1
324,17,1
324,18,0
324,19,0
324,20,1
325,1,1
325,2,1
325,3,1
325,4,1
325,5,1
325,6,0
325,7,1
325,8,1
325,9,1
325,10,1
325,11,1
325,12,1
325,13,1
325,14,0
325,15,1
325,16,1
325,17,1
325,18,1
325,19,1
325,20,1
326,1,1
326,2,0
326,3,1
326,4,1
326,5,0
326,6,0
326,7,1
326,8,1
326,9,1
326,10,1
326,11,1
326,12,1
326,13,0
326,14,1
326,15,1
326,16,1
326,17,0
326,18,1
326,19,1
326,20,1
327,1,0
327,2,1
327,3,0
327,4,0
327,5,0
327,6,0
327,7,1
327,8,1
327,9,0
327,10,0
327,11,0
327,12,1
327,13,0
327,14,1
327,15,0
327,16,0
327,17,1
327,18,0
327,19,0
327,20,0
328,1,1
328,2,0
328,3,0
328,4,1
328,5,1
328,6,0
328,7,1
328,8,0
328,9,1
328,10,0
328,11,1
328,12,1
328,13,1
328,14,1
328,15,1
328,16,1
328,17,0
328,18,0
328,19,1
328,20,1
329,1,1
329,2,0
329,3,0
329,4,1
329,5,1
329,6,0
329,7,1
329,8,0
329,9,1
329,10,0
329,11,1
329,12,1
329,13,0
329,14,0
329,15,1
329,16,1
329,17,1
329,18,0
329,19,1
329,20,1
330,1,1
330,2,0
330,3,1
330,4,0
330,5,1
330,6,0
330,7,1
330,8,1
330,9,0
330,10,0
330,11,0
330,12,0
330,13,1
330,14,0
330,15,1
330,16,1
330,17,1
330,18,0
330,19,0
330,20,1
331,1,1
331,2,1
331,3,1
331,4,1
331,5,0
331,6,0
331,7,1
331,8,0
331,9,1
331,10,1
331,11,1
331,12,0
331,13,0
331,14,1
331,15,1
331,16,1
331,17,0
331,18,1
331,19,1
331,20,1
332,1,1
332,2,1
332,3,1
332,4,1
332,5,0
332,6,0
332,7,1
332,8,1
332,9,1
332,10,0
332,11,1
332,12,0
332,13,1
332,14,1
332,15,1
332,16,1
332,17,0
332,18,1
332,19,1
332,20,1
333,1,1
333,2,0
333,3,1
333,4,1
333,5,1
333,6,0
333,7,1
333,8,1
333,9,1
333,10,0
333,11,0
333,12,1
333,13,0
333,14,0
333,15,1
333,16,0
333,17,1
333,18,0
333,19,1
333,20,1
334,1,0
334,2,1
334,3,0
334,4,1
334,5,0
334,6,0
334,7,1
334,8,0
334,9,0
334,10,0
334,11,0
334,12,1
334,13,0
334,14,1
334,15,1
334,16,1
334,17,0
334,18,0
334,19,0
334,20,0
335,1,1
335,2,0
335,3,1
335,4,0
335,5,1
335,6,0
335,7,0
335,8,1
335,9,1
335,10,0
335,11,0
335,12,0
335,13,0
335,14,0
335,15,1
335,16,1
335,17,1
335,18,0
335,19,0
335,20,0
336,1,1
336,2,0
336,3,1
336,4,1
336,5,0
336,6,0
336,7,1
336,8,0
336,9,1
336,10,1
336,11,1
336,12,1
336,13,0
336,14,1
336,15,1
336,16,1
336,17,1
336,18,0
336,19,1
336,20,1
337,1,1
337,2,0
337,3,1
337,4,1
337,5,0
337,6,0
337,7,1
337,8,0
337,9,1
337,10,1
337,11,1
337,12,0
337,13,1
337,14,0
337,15,1
337,16,0
337,17,1
337,18,0
337,19,0
337,20,1
338,1,0
338,2,0
338,3,0
338,4,0
338,5,0
338,6,0
338,7,1
338,8,1
338,9,0
338,10,0
338,11,0
338,12,0
338,13,0
338,14,1
338,15,0
338,16,0
338,17,1
338,18,0
338,19,1
338,20,1
339,1,1
339,2,1
339,3,1
339,4,1
339,5,1
339,6,0
339,7,1
339,8,1
339,9,1
339,10,0
339,11,0
339,12,0
339,13,0
339,14,1
339,15,1
339,16,1
339,17,1
339,18,0
339,19,0
339,20,1
340,1,1
340,2,1
340,3,1
340,4,1
340,5,1
340,6,0
340,7,1
340,8,0
340,9,1
340,10,0
340,11,1
340,12,1
340,13,0
340,14,0
340,15,1
340,16,1
340,17,1
340,18,1
340,19,1
340,20,1
341,1,1
341,2,1
341,3,0
341,4,1
341,5,1
341,6,0
341,7,1
341,8,1
341,9,1
341,10,1
341,11,1
341,12,1
341,13,0
341,14,1
341,15,1
341,16,0
341,17,1
341,18,1
341,19,0
341,20,1
342,1,1
342,2,0
342,3,0
342,4,1
342,5,0
342,6,0
342,7,1
342,8,1
342,9,1
342,10,0
342,11,0
342,12,1
342,13,0
342,14,1
342,15,1
342,16,1
342,17,1
342,18,0
342,19,0
342,20,1
343,1,1
343,2,0
343,3,1
343,4,1
343,5,0
343,6,0
343,7,1
343,8,1
343,9,1
343,10,0
343,11,0
343,12,0
343,13,1
343,14,1
343,15,1
343,16,1
343,17,0
343,18,0
343,19,0
343,20,1
344,1,1
344,2,1
344,3,1
344,4,1
344,5,0
344,6,0
344,7,1
344,8,0
344,9,1
344,10,1
344,11,0
344,12,0
344,13,0
344,14,1
344,15,1
344,16,1
344,17,1
344,18,0
344,19,0
344,20,1
345,1,1
345,2,1
345,3,1
345,4,1
345,5,1
345,6,0
345,7,1
345,8,0
345,9,1
345,10,1
345,11,1
345,12,1
345,13,1
345,14,1
345,15,1
345,16,1
345,17,0
345,18,1
345,19,1
345,20,1
346,1,1
346,2,0
346,3,1
346,4,1
346,5,1
346,6,0
346,7,0
346,8,0
346,9,1
346,10,0
346,11,0
346,12,1
346,13,0
346,14,0
346,15,1
346,16,0
346,17,0
346,18,1
346,19,1
346,20,1
347,1,0
347,2,0
347,3,0
347,4,0
347,5,0
347,6,0
347,7,0
347,8,0
347,9,0
347,10,0
347,11,0
347,12,0
347,13,0
347,14,1
347,15,0
347,16,0
347,17,0
347,18,0
347,19,0
347,20,0
348,1,1
348,2,0
348,3,1
348,4,1
348,5,1
348,6,0
348,7,1
348,8,1
348,9,1
348,10,0
348,11,0
348,12,1
348,13,0
348,14,1
348,15,1
348,16,0
348,17,1
348,18,0
348,19,1
348,20,1
349,1,0
349,2,0
349,3,1
349,4,0
349,5,1
349,6,0
349,7,1
349,8,0
349,9,0
349,10,0
349,11,0
349,12,0
349,13,0
349,14,0
349,15,1
349,16,1
349,17,0
349,18,0
349,19,0
349,20,0
350,1,1
350,2,0
350,3,0
350,4,0
350,5,0
350,6,0
350,7,1
350,8,0
350,9,0
350,10,0
350,11,0
350,12,0
350,13,0
350,14,0
350,15,1
350,16,0
350,17,0
350,18,0
350,19,0
350,20,0
351,1,1
351,2,0
351,3,1
351,4,1
351,5,1
351,6,0
351,7,1
351,8,0
351,9,1
351,10,0
351,11,1
351,12,0
351,13,0
351,14,0
351,15,1
351,16,0
351,17,1
351,18,1
351,19,1
351,20,1
352,1,1
352,2,0
352,3,0
352,4,0
352,5,0
352,6,0
352,7,0
352,8,0
352,9,1
352,10,0
352,11,0
352,12,0
352,13,0
352,14,0
352,15,1
352,16,0
352,17,0
352,18,0
352,19,0
352,20,1
353,1,1
353,2,0
353,3,0
353,4,1
353,5,0
353,6,0
353,7,1
353,8,1
353,9,1
353,10,0
353,11,0
353,12,0
353,13,0
353,14,0
353,15,1
353,16,0
353,17,0
353,18,0
353,19,0
353,20,1
354,1,0
354,2,0
354,3,0
354,4,1
354,5,1
354,6,0
354,7,1
354,8,0
354,9,1
354,10,0
354,11,0
354,12,1
354,13,0
354,14,0
354,15,0
354,16,0
354,17,1
354,18,0
354,19,0
354,20,1
355,1,1
355,2,1
355,3,1
355,4,1
355,5,0
355,6,0
355,7,1
355,8,0
355,9,1
355,10,0
355,11,0
355,12,1
355,13,0
355,14,1
355,15,1
355,16,0
355,17,0
355,18,0
355,19,0
355,20,1
356,1,0
356,2,0
356,3,1
356,4,1
356,5,0
356,6,0
356,7,1
356,8,1
356,9,0
356,10,0
356,11,0
356,12,1
356,13,1
356,14,0
356,15,1
356,16,1
356,17,0
356,18,0
356,19,0
356,20,0
357,1,0
357,2,0
357,3,1
357,4,0
357,5,0
357,6,0
357,7,1
357,8,0
357,9,0
357,10,1
357,11,0
357,12,1
357,13,1
357,14,1
357,15,0
357,16,0
357,17,0
357,18,0
357,19,0
357,20,0
358,1,1
358,2,0
358,3,1
358,4,0
358,5,0
358,6,0
358,7,1
358,8,1
358,9,0
358,10,0
358,11,1
358,12,0
358,13,0
358,14,1
358,15,1
358,16,1
358,17,1
358,18,0
358,19,1
358,20,0
359,1,1
359,2,0
359,3,0
359,4,1
359,5,0
359,6,0
359,7,1
359,8,0
359,9,1
359,10,0
359,11,0
359,12,0
359,13,0
359,14,1
359,15,1
359,16,0
359,17,1
359,18,0
359,19,0
359,20,1
360,1,1
360,2,1
360,3,0
360,4,1
360,5,1
360,6,0
360,7,1
360,8,1
360,9,1
360,10,0
360,11,0
360,12,0
360,13,0
360,14,1
360,15,1
360,16,1
360,17,1
360,18,0
360,19,1
360,20,1
361,1,1
361,2,0
361,3,0
361,4,1
361,5,0
361,6,0
361,7,1
361,8,0
361,9,1
361,10,1
361,11,1
361,12,0
361,13,0
361,14,1
361,15,1
361,16,1
361,17,0
361,18,1
361,19,0
361,20,1
362,1,1
362,2,1
362,3,1
362,4,1
362,5,1
362,6,0
362,7,1
362,8,0
362,9,1
362,10,1
362,11,1
362,12,0
362,13,1
362,14,0
362,15,1
362,16,0
362,17,1
362,18,1
362,19,0
362,20,1
363,1,1
363,2,1
363,3,1
363,4,1
363,5,0
363,6,0
363,7,1
363,8,1
363,9,1
363,10,1
363,11,0
363,12,0
363,13,0
363,14,1
363,15,1
363,16,1
363,17,0
363,18,1
363,19,0
363,20,1
364,1,1
364,2,0
364,3,0
364,4,1
364,5,1
364,6,0
364,7,1
364,8,1
364,9,1
364,10,0
364,11,1
364,12,0
364,13,1
364,14,0
364,15,1
364,16,1
364,17,1
364,18,1
364,19,1
364,20,1
365,1,0
365,2,0
365,3,1
365,4,0
365,5,1
365,6,0
365,7,1
365,8,1
365,9,0
365,10,0
365,11,0
365,12,1
365,13,0
365,14,1
365,15,0
365,16,0
365,17,0
365,18,0
365,19,0
365,20,0
366,1,0
366,2,0
366,3,1
366,4,1
366,5,0
366,6,0
366,7,0
366,8,0
366,9,0
366,10,0
366,11,1
366,12,1
366,13,0
366,14,0
366,15,1
366,16,0
366,17,0
366,18,0
366,19,1
366,20,1
367,1,1
367,2,0
367,3,0
367,4,1
367,5,1
367,6,0
367,7,0
367,8,1
367,9,1
367,10,0
367,11,0
367,12,1
367,13,0
367,14,1
367,15,1
367,16,0
367,17,1
367,18,0
367,19,0
367,20,1
368,1,1
368,2,0
368,3,1
368,4,1
368,5,1
368,6,0
368,7,1
368,8,0
368,9,1
368,10,0
368,11,0
368,12,1
368,13,0
368,14,1
368,15,1
368,16,1
368,17,1
368,18,1
368,19,1
368,20,1
369,1,1
369,2,1
369,3,1
369,4,1
369,5,0
369,6,0
369,7,1
369,8,0
369,9,0
369,10,0
369,11,0
369,12,0
369,13,0
369,14,0
369,15,1
369,16,1
369,17,1
369,18,1
369,19,0
369,20,1
370,1,1
370,2,0
370,3,1
370,4,1
370,5,1
370,6,0
370,7,1
370,8,0
370,9,1
370,10,0
370,11,0
370,12,0
370,13,0
370,14,1
370,15,1
370,16,1
370,17,1
370,18,0
370,19,0
370,20,1
371,1,1
371,2,1
371,3,1
371,4,1
371,5,0
371,6,1
371,7,1
371,8,1
371,9,1
371,10,1
371,11,1
371,12,1
371,13,1
371,14,0
371,15,1
371,16,1
371,17,1
371,18,1
371,19,0
371,20,1
372,1,1
372,2,1
372,3,1
372,4,1
372,5,1
372,6,0
372,7,1
372,8,1
372,9,1
372,10,1
372,11,0
372,12,0
372,13,1
372,14,0
372,15,1
372,16,0
372,17,1
372,18,1
372,19,0
372,20,1
373,1,1
373,2,0
373,3,1
373,4,0
373,5,0
373,6,0
373,7,1
373,8,1
373,9,1
373,10,0
373,11,0
373,12,0
373,13,1
373,14,0
373,15,1
373,16,0
373,17,1
373,18,0
373,19,0
373,20,1
374,1,1
374,2,0
374,3,1
374,4,1
374,5,1
374,6,0
374,7,1
374,8,0
374,9,1
374,10,0
374,11,1
374,12,0
374,13,1
374,14,1
374,15,1
374,16,1
374,17,1
374,18,0
374,19,0
374,20,1
375,1,1
375,2,0
375,3,1
375,4,1
375,5,0
375,6,0
375,7,1
375,8,1
375,9,1
375,10,1
375,11,0
375,12,1
375,13,0
375,14,0
375,15,1
375,16,1
375,17,1
375,18,0
375,19,0
375,20,1
376,1,1
376,2,0
376,3,0
376,4,0
376,5,0
376,6,0
376,7,1
376,8,1
376,9,1
376,10,0
376,11,0
376,12,0
376,13,0
376,14,1
376,15,1
376,16,1
376,17,1
376,18,0
376,19,1
376,20,1
377,1,1
377,2,1
377,3,1
377,4,1
377,5,1
377,6,0
377,7,1
377,8,0
377,9,1
377,10,1
377,11,1
377,12,1
377,13,0
377,14,1
377,15,1
377,16,0
377,17,1
377,18,1
377,19,1
377,20,1
378,1,1
378,2,1
378,3,1
378,4,1
378,5,1
378,6,0
378,7,1
378,8,0
378,9,1
378,10,0
378,11,1
378,12,0
378,13,0
378,14,1
378,15,1
378,16,1
378,17,1
378,18,1
378,19,0
378,20,1
379,1,0
379,2,0
379,3,0
379,4,1
379,5,0
379,6,0
379,7,1
379,8,0
379,9,0
379,10,0
379,11,0
379,12,0
379,13,0
379,14,0
379,15,1
379,16,1
379,17,1
379,18,0
379,19,0
379,20,0
380,1,1
380,2,0
380,3,1
380,4,1
380,5,1
380,6,0
380,7,1
380,8,0
380,9,1
380,10,1
380,11,1
380,12,0
380,13,1
380,14,0
380,15,1
380,16,0
380,17,0
380,18,0
380,19,1
380,20,1
381,1,0
381,2,0
381,3,1
381,4,0
381,5,0
381,6,0
381,7,1
381,8,0
381,9,0
381,10,1
381,11,0
381,12,1
381,13,0
381,14,1
381,15,0
381,16,0
381,17,0
381,18,0
381,19,0
381,20,0
382,1,1
382,2,0
382,3,1
382,4,1
382,5,1
382,6,0
382,7,1
382,8,0
382,9,1
382,10,0
382,11,0
382,12,1
382,13,0
382,14,0
382,15,1
382,16,1
382,17,1
382,18,0
382,19,0
382,20,1
383,1,1
383,2,0
383,3,1
383,4,1
383,5,1
383,6,0
383,7,1
383,8,0
383,9,1
383,10,0
383,11,1
383,12,1
383,13,1
383,14,1
383,15,1
383,16,1
383,17,0
383,18,1
383,19,1
383,20,1
384,1,1
384,2,0
384,3,0
384,4,1
384,5,0
384,6,0
384,7,1
384,8,0
384,9,0
384,10,1
384,11,1
384,12,1
384,13,0
384,14,0
384,15,1
384,16,1
384,17,0
384,18,0
384,19,1
384,20,1
385,1,1
385,2,1
385,3,1
385,4,1
385,5,1
385,6,0
385,7,1
385,8,0
385,9,1
385,10,0
385,11,0
385,12,0
385,13,0
385,14,1
385,15,1
385,16,1
385,17,0
385,18,0
385,19,0
385,20,1
386,1,1
386,2,0
386,3,0
386,4,0
386,5,0
386,6,0
386,7,1
386,8,0
386,9,1
386,10,0
386,11,0
386,12,1
386,13,0
386,14,0
386,15,1
386,16,1
386,17,0
386,18,1
386,19,1
386,20,1
387,1,0
387,2,0
387,3,1
387,4,0
387,5,0
387,6,0
387,7,1
387,8,0
387,9,0
387,10,0
387,11,0
387,12,1
387,13,0
387,14,0
387,15,1
387,16,0
387,17,0
387,18,0
387,19,0
387,20,0
388,1,1
388,2,0
388,3,0
388,4,1
388,5,1
388,6,0
388,7,1
388,8,1
388,9,1
388,10,0
388,11,1
388,12,1
388,13,0
388,14,1
388,15,1
388,16,1
388,17,1
388,18,0
388,19,0
388,20,1
389,1,1
389,2,0
389,3,1
389,4,1
389,5,1
389,6,0
389,7,1
389,8,0
389,9,1
389,10,0
389,11,0
389,12,1
389,13,0
389,14,1
389,15,1
389,16,1
389,17,1
389,18,1
389,19,1
389,20,1
390,1,1
390,2,1
390,3,1
390,4,1
390,5,1
390,6,0
390,7,1
390,8,1
390,9,1
390,10,1
390,11,1
390,12,1
390,13,1
390,14,1
390,15,1
390,16,1
390,17,1
390,18,1
390,19,0
390,20,1
391,1,1
391,2,0
391,3,0
391,4,1
391,5,1
391,6,0
391,7,1
391,8,0
391,9,1
391,10,0
391,11,1
391,12,0
391,13,0
391,14,0
391,15,1
391,16,0
391,17,1
391,18,1
391,19,0
391,20,1
392,1,1
392,2,1
392,3,1
392,4,1
392,5,0
392,6,0
392,7,1
392,8,0
392,9,1
392,10,0
392,11,0
392,12,1
392,13,0
392,14,1
392,15,1
392,16,0
392,17,1
392,18,1
392,19,0
392,20,1
393,1,1
393,2,0
393,3,1
393,4,1
393,5,0
393,6,0
393,7,1
393,8,1
393,9,1
393,10,0
393,11,0
393,12,0
393,13,0
393,14,1
393,15,1
393,16,1
393,17,0
393,18,0
393,19,1
393,20,1
394,1,1
394,2,0
394,3,0
394,4,1
394,5,0
394,6,0
394,7,1
394,8,0
394,9,0
394,10,0
394,11,0
394,12,0
394,13,1
394,14,1
394,15,0
394,16,1
394,17,0
394,18,0
394,19,0
394,20,1
395,1,1
395,2,1
395,3,1
395,4,1
395,5,0
395,6,0
395,7,1
395,8,0
395,9,1
395,10,1
395,11,0
395,12,0
395,13,0
395,14,1
395,15,1
395,16,1
395,17,0
395,18,0
395,19,0
395,20,1
396,1,0
396,2,0
396,3,1
396,4,0
396,5,0
396,6,0
396,7,1
396,8,0
396,9,0
396,10,0
396,11,0
396,12,1
396,13,0
396,14,0
396,15,1
396,16,0
396,17,0
396,18,0
396,19,0
396,20,0
397,1,1
397,2,1
397,3,1
397,4,1
397,5,0
397,6,0
397,7,1
397,8,1
397,9,0
397,10,0
397,11,1
397,12,1
397,13,0
397,14,1
397,15,0
397,16,0
397,17,1
397,18,0
397,19,0
397,20,0
398,1,1
398,2,0
398,3,1
398,4,1
398,5,1
398,6,0
398,7,1
398,8,0
398,9,1
398,10,0
398,11,1
398,12,0
398,13,0
398,14,1
398,15,1
398,16,1
398,17,0
398,18,1
398,19,0
398,20,1
399,1,0
399,2,0
399,3,1
399,4,1
399,5,1
399,6,0
399,7,1
399,8,1
399,9,0
399,10,0
399,11,0
399,12,0
399,13,0
399,14,1
399,15,1
399,16,0
399,17,1
399,18,0
399,19,1
399,20,0
400,1,1
400,2,1
400,3,0
400,4,1
400,5,1
400,6,0
400,7,1
400,8,1
400,9,1
400,10,0
400,11,0
400,12,1
400,13,1
400,14,0
400,15,1
400,16,0
400,17,1
400,18,0
400,19,0
400,20,1
401,1,1
401,2,1
401,3,1
401,4,1
401,5,0
401,6,0
401,7,1
401,8,1
401,9,1
401,10,0
401,11,1
401,12,0
401,13,0
401,14,1
401,15,1
401,16,1
401,17,0
401,18,0
401,19,0
401,20,1
402,1,1
402,2,1
402,3,1
402,4,1
402,5,1
402,6,0
402,7,1
402,8,1
402,9,1
402,10,0
402,11,0
402,12,0
402,13,1
402,14,1
402,15,1
402,16,1
402,17,1
402,18,1
402,19,1
402,20,1
403,1,1
403,2,0
403,3,1
403,4,1
403,5,1
403,6,0
403,7,1
403,8,1
403,9,1
403,10,0
403,11,1
403,12,0
403,13,0
403,14,1
403,15,1
403,16,0
403,17,1
403,18,0
403,19,0
403,20,1
404,1,1
404,2,1
404,3,0
404,4,1
404,5,0
404,6,0
404,7,1
404,8,0
404,9,1
404,10,1
404,11,1
404,12,1
404,13,0
404,14,0
404,15,1
404,16,1
404,17,1
404,18,1
404,19,1
404,20,1
405,1,1
405,2,0
405,3,0
405,4,1
405,5,0
405,6,0
405,7,1
405,8,1
405,9,1
405,10,1
405,11,1
405,12,1
405,13,0
405,14,1
405,15,1
405,16,1
405,17,1
405,18,1
405,19,1
405,20,1
406,1,1
406,2,0
406,3,1
406,4,1
406,5,1
406,6,0
406,7,1
406,8,1
406,9,1
406,10,1
406,11,1
406,12,1
406,13,0
406,14,1
406,15,1
406,16,1
406,17,1
406,18,1
406,19,1
406,20,1
407,1,1
407,2,0
407,3,1
407,4,0
407,5,0
407,6,0
407,7,0
407,8,1
407,9,0
407,10,0
407,11,0
407,12,1
407,13,0
407,14,1
407,15,1
407,16,1
407,17,1
407,18,0
407,19,0
407,20,1
408,1,1
408,2,0
408,3,1
408,4,1
408,5,0
408,6,0
408,7,1
408,8,0
408,9,1
408,10,0
408,11,0
408,12,0
408,13,0
408,14,1
408,15,1
408,16,1
408,17,1
408,18,0
408,19,1
408,20,0
409,1,1
409,2,0
409,3,1
409,4,1
409,5,1
409,6,0
409,7,1
409,8,1
409,9,1
409,10,0
409,11,0
409,12,1
409,13,0
409,14,1
409,15,1
409,16,1
409,17,0
409,18,0
409,19,1
409,20,1
410,1,1
410,2,0
410,3,1
410,4,1
410,5,1
410,6,0
410,7,1
410,8,1
410,9,1
410,10,0
410,11,0
410,12,0
410,13,1
410,14,1
410,15,1
410,16,1
410,17,0
410,18,0
410,19,0
410,20,0
411,1,1
411,2,0
411,3,0
411,4,1
411,5,0
411,6,0
411,7,0
411,8,0
411,9,1
411,10,0
411,11,1
411,12,1
411,13,0
411,14,0
411,15,1
411,16,0
411,17,0
411,18,0
411,19,0
411,20,0
412,1,1
412,2,1
412,3,1
412,4,1
412,5,0
412,6,0
412,7,1
412,8,1
412,9,1
412,10,0
412,11,0
412,12,1
412,13,0
412,14,0
412,15,1
412,16,0
412,17,1
412,18,0
412,19,0
412,20,1
413,1,0
413,2,0
413,3,0
413,4,0
413,5,0
413,6,0
413,7,1
413,8,1
413,9,0
413,10,0
413,11,0
413,12,1
413,13,0
413,14,1
413,15,0
413,16,0
413,17,0
413,18,0
413,19,0
413,20,0
414,1,1
414,2,0
414,3,0
414,4,1
414,5,0
414,6,0
414,7,1
414,8,0
414,9,1
414,10,0
414,11,0
414,12,1
414,13,1
414,14,0
414,15,1
414,16,1
414,17,1
414,18,1
414,19,0
414,20,1
415,1,1
415,2,1
415,3,1
415,4,1
415,5,1
415,6,0
415,7,1
415,8,1
415,9,1
415,10,1
415,11,0
415,12,0
415,13,1
415,14,0
415,15,1
415,16,1
415,17,1
415,18,1
415,19,1
415,20,1
416,1,1
416,2,0
416,3,1
416,4,1
416,5,0
416,6,0
416,7,1
416,8,1
416,9,1
416,10,0
416,11,1
416,12,1
416,13,1
416,14,1
416,15,1
416,16,0
416,17,0
416,18,0
416,19,0
416,20,1
417,1,1
417,2,0
417,3,1
417,4,1
417,5,0
417,6,0
417,7,1
417,8,0
417,9,0
417,10,0
417,11,1
417,12,1
417,13,1
417,14,0
417,15,1
417,16,1
417,17,1
417,18,0
417,19,1
417,20,1
418,1,1
418,2,0
418,3,1
418,4,0
418,5,0
418,6,0
418,7,1
418,8,1
418,9,0
418,10,0
418,11,0
418,12,1
418,13,0
418,14,0
418,15,1
418,16,1
418,17,0
418,18,0
418,19,1
418,20,1
419,1,1
419,2,0
419,3,1
419,4,1
419,5,1
419,6,0
419,7,1
419,8,0
419,9,1
419,10,1
419,11,1
419,12,1
419,13,0
419,14,0
419,15,1
419,16,0
419,17,0
419,18,0
419,19,0
419,20,1
420,1,0
420,2,0
420,3,0
420,4,0
420,5,0
420,6,0
420,7,1
420,8,1
420,9,0
420,10,1
420,11,0
420,12,0
420,13,1
420,14,0
420,15,1
420,16,0
420,17,0
420,18,0
420,19,0
420,20,1
421,1,1
421,2,1
421,3,1
421,4,1
421,5,0
421,6,0
421,7,1
421,8,1
421,9,1
421,10,1
421,11,1
421,12,0
421,13,1
421,14,1
421,15,1
421,16,1
421,17,1
421,18,1
421,19,0
421,20,1
422,1,0
422,2,0
422,3,0
422,4,0
422,5,0
422,6,0
422,7,1
422,8,1
422,9,0
422,10,1
422,11,0
422,12,0
422,13,0
422,14,1
422,15,1
422,16,0
422,17,0
422,18,0
422,19,0
422,20,1
423,1,1
423,2,1
423,3,0
423,4,1
423,5,1
423,6,0
423,7,1
423,8,0
423,9,1
423,10,1
423,11,1
423,12,1
423,13,0
423,14,1
423,15,1
423,16,1
423,17,0
423,18,0
423,19,0
423,20,1
424,1,1
424,2,0
424,3,0
424,4,1
424,5,0
424,6,0
424,7,1
424,8,1
424,9,1
424,10,1
424,11,1
424,12,0
424,13,0
424,14,1
424,15,1
424,16,0
424,17,0
424,18,1
424,19,1
424,20,1
425,1,1
425,2,0
425,3,0
425,4,1
425,5,1
425,6,0
425,7,1
425,8,0
425,9,1
425,10,1
425,11,1
425,12,1
425,13,1
425,14,0
425,15,1
425,16,1
425,17,1
425,18,1
425,19,0
425,20,1
426,1,1
426,2,0
426,3,1
426,4,0
426,5,1
426,6,0
426,7,1
426,8,1
426,9,1
426,10,1
426,11,0
426,12,0
426,13,0
426,14,0
426,15,1
426,16,0
426,17,1
426,18,1
426,19,1
426,20,1
427,1,1
427,2,0
427,3,1
427,4,1
427,5,0
427,6,0
427,7,1
427,8,0
427,9,0
427,10,1
427,11,0
427,12,1
427,13,0
427,14,1
427,15,0
427,16,1
427,17,0
427,18,0
427,19,1
427,20,0
428,1,0
428,2,0
428,3,0
428,4,0
428,5,1
428,6,0
428,7,1
428,8,1
428,9,0
428,10,0
428,11,0
428,12,0
428,13,0
428,14,0
428,15,1
428,16,0
428,17,0
428,18,0
428,19,0
428,20,0
429,1,1
429,2,1
429,3,1
429,4,1
429,5,0
429,6,0
429,7,1
429,8,1
429,9,1
429,10,0
429,11,1
429,12,0
429,13,0
429,14,1
429,15,1
429,16,1
429,17,1
429,18,1
429,19,0
429,20,1
430,1,1
430,2,0
430,3,1
430,4,1
430,5,0
430,6,0
430,7,1
430,8,1
430,9,1
430,10,0
430,11,0
430,12,0
430,13,1
430,14,1
430,15,1
430,16,0
430,17,0
430,18,0
430,19,0
430,20,1
431,1,0
431,2,0
431,3,1
431,4,0
431,5,0
431,6,0
431,7,0
431,8,1
431,9,0
431,10,0
431,11,0
431,12,0
431,13,0
431,14,1
431,15,0
431,16,1
431,17,0
431,18,0
431,19,0
431,20,0
432,1,1
432,2,0
432,3,0
432,4,1
432,5,1
432,6,0
432,7,0
432,8,0
432,9,1
432,10,1
432,11,1
432,12,1
432,13,0
432,14,0
432,15,1
432,16,1
432,17,1
432,18,1
432,19,1
432,20,1
433,1,1
433,2,0
433,3,1
433,4,1
433,5,0
433,6,0
433,7,1
433,8,1
433,9,1
433,10,0
433,11,1
433,12,0
433,13,0
433,14,1
433,15,1
433,16,1
433,17,1
433,18,1
433,19,0
433,20,1
434,1,1
434,2,0
434,3,1
434,4,1
434,5,1
434,6,0
434,7,1
434,8,1
434,9,1
434,10,1
434,11,1
434,12,1
434,13,0
434,14,1
434,15,1
434,16,0
434,17,1
434,18,0
434,19,0
434,20,1
435,1,0
435,2,0
435,3,1
435,4,0
435,5,0
435,6,0
435,7,1
435,8,1
435,9,0
435,10,0
435,11,0
435,12,0
435,13,0
435,14,1
435,15,0
435,16,0
435,17,0
435,18,0
435,19,0
435,20,0
436,1,1
436,2,1
436,3,1
436,4,1
436,5,1
436,6,0
436,7,1
436,8,1
436,9,1
436,10,0
436,11,0
436,12,0
436,13,0
436,14,0
436,15,1
436,16,1
436,17,1
436,18,0
436,19,1
436,20,1
437,1,1
437,2,1
437,3,1
437,4,1
437,5,1
437,6,0
437,7,1
437,8,1
437,9,1
437,10,0
437,11,0
437,12,0
437,13,1
437,14,0
437,15,1
437,16,1
437,17,1
437,18,0
437,19,0
437,20,1
438,1,0
438,2,0
438,3,0
438,4,0
438,5,1
438,6,0
438,7,1
438,8,1
438,9,0
438,10,1
438,11,0
438,12,1
438,13,0
438,14,1
438,15,0
438,16,1
438,17,0
438,18,0
438,19,1
438,20,0
439,1,0
439,2,0
439,3,0
439,4,0
439,5,0
439,6,0
439,7,0
439,8,0
439,9,0
439,10,0
439,11,0
439,12,0
439,13,0
439,14,0
439,15,0
439,16,0
439,17,0
439,18,0
439,19,0
439,20,0
440,1,1
440,2,1
440,3,1
440,4,1
440,5,0
440,6,0
440,7,1
440,8,1
440,9,1
440,10,1
440,11,1
440,12,1
440,13,1
440,14,1
440,15,1
440,16,1
440,17,0
440,18,1
440,19,0
440,20,1
441,1,0
441,2,0
441,3,1
441,4,0
441,5,0
441,6,0
441,7,0
441,8,0
441,9,0
441,10,0
441,11,0
441,12,1
441,13,0
441,14,1
441,15,0
441,16,0
441,17,0
441,18,0
441,19,0
441,20,0
442,1,1
442,2,1
442,3,1
442,4,1
442,5,1
442,6,0
442,7,1
442,8,0
442,9,1
442,10,1
442,11,0
442,12,0
442,13,0
442,14,0
442,15,1
442,16,1
442,17,0
442,18,0
442,19,1
442,20,1
443,1,0
443,2,0
443,3,1
443,4,0
443,5,1
443,6,0
443,7,0
443,8,1
443,9,0
443,10,0
443,11,1
443,12,0
443,13,0
443,14,0
443,15,0
443,16,1
443,17,1
443,18,0
443,19,1
443,20,1
444,1,0
444,2,0
444,3,1
444,4,1
444,5,1
444,6,0
444,7,1
444,8,1
444,9,0
444,10,0
444,11,0
444,12,0
444,13,0
444,14,0
444,15,1
444,16,1
444,17,0
444,18,0
444,19,0
444,20,0
445,1,1
445,2,0
445,3,1
445,4,0
445,5,1
445,6,0
445,7,1
445,8,1
445,9,0
445,10,0
445,11,0
445,12,1
445,13,0
445,14,0
445,15,1
445,16,1
445,17,1
445,18,0
445,19,0
445,20,0
446,1,1
446,2,0
446,3,1
446,4,1
446,5,0
446,6,0
446,7,0
446,8,1
446,9,1
446,10,0
446,11,0
446,12,1
446,13,0
446,14,1
446,15,1
446,16,1
446,17,1
446,18,0
446,19,1
446,20,1
447,1,1
447,2,0
447,3,0
447,4,0
447,5,0
447,6,0
447,7,1
447,8,1
447,9,0
447,10,0
447,11,1
447,12,0
447,13,0
447,14,1
447,15,1
447,16,1
447,17,1
447,18,0
447,19,1
447,20,1
448,1,1
448,2,1
448,3,0
448,4,1
448,5,1
448,6,1
448,7,1
448,8,0
448,9,1
448,10,0
448,11,1
448,12,1
448,13,0
448,14,1
448,15,1
448,16,1
448,17,1
448,18,1
448,19,0
448,20,1
449,1,1
449,2,1
449,3,0
449,4,1
449,5,0
449,6,0
449,7,1
449,8,1
449,9,1
449,10,0
449,11,0
449,12,1
449,13,0
449,14,1
449,15,1
449,16,0
449,17,0
449,18,1
449,19,0
449,20,1
450,1,1
450,2,1
450,3,1
450,4,1
450,5,1
450,6,0
450,7,1
450,8,1
450,9,1
450,10,1
450,11,0
450,12,0
450,13,0
450,14,0
450,15,1
450,16,0
450,17,1
450,18,0
450,19,0
450,20,1
451,1,1
451,2,0
451,3,0
451,4,1
451,5,1
451,6,0
451,7,1
451,8,1
451,9,1
451,10,1
451,11,0
451,12,1
451,13,0
451,14,1
451,15,1
451,16,0
451,17,1
451,18,0
451,19,0
451,20,1
452,1,1
452,2,0
452,3,0
452,4,1
452,5,0
452,6,0
452,7,0
452,8,0
452,9,1
452,10,0
452,11,0
452,12,1
452,13,0
452,14,0
452,15,1
452,16,1
452,17,0
452,18,0
452,19,1
452,20,1
453,1,0
453,2,0
453,3,1
453,4,0
453,5,0
453,6,0
453,7,0
453,8,1
453,9,0
453,10,0
453,11,0
453,12,0
453,13,0
453,14,0
453,15,0
453,16,1
453,17,0
453,18,0
453,19,0
453,20,0
454,1,1
454,2,0
454,3,1
454,4,1
454,5,0
454,6,0
454,7,1
454,8,0
454,9,1
454,10,0
454,11,0
454,12,0
454,13,0
454,14,0
454,15,1
454,16,1
454,17,1
454,18,0
454,19,1
454,20,1
455,1,1
455,2,0
455,3,0
455,4,1
455,5,0
455,6,0
455,7,1
455,8,0
455,9,1
455,10,0
455,11,1
455,12,0
455,13,0
455,14,1
455,15,1
455,16,1
455,17,0
455,18,0
455,19,0
455,20,1
456,1,0
456,2,0
456,3,0
456,4,1
456,5,0
456,6,0
456,7,0
456,8,0
456,9,0
456,10,0
456,11,1
456,12,0
456,13,0
456,14,1
456,15,1
456,16,0
456,17,1
456,18,0
456,19,1
456,20,1
457,1,0
457,2,0
457,3,0
457,4,0
457,5,0
457,6,0
457,7,1
457,8,0
457,9,0
457,10,0
457,11,0
457,12,1
457,13,0
457,14,0
457,15,0
457,16,1
457,17,0
457,18,0
457,19,1
457,20,0
458,1,1
458,2,1
458,3,1
458,4,1
458,5,0
458,6,0
458,7,1
458,8,1
458,9,1
458,10,1
458,11,0
458,12,0
458,13,1
458,14,1
458,15,1
458,16,1
458,17,1
458,18,1
458,19,0
458,20,1
459,1,1
459,2,0
459,3,0
459,4,1
459,5,1
459,6,0
459,7,1
459,8,1
459,9,1
459,10,1
459,11,0
459,12,1
459,13,1
459,14,1
459,15,1
459,16,1
459,17,1
459,18,1
459,19,0
459,20,1
460,1,1
460,2,0
460,3,1
460,4,1
460,5,1
460,6,0
460,7,1
460,8,0
460,9,1
460,10,1
460,11,1
460,12,0
460,13,1
460,14,1
460,15,1
460,16,1
460,17,1
460,18,0
460,19,0
460,20,1
461,1,1
461,2,1
461,3,1
461,4,1
461,5,0
461,6,0
461,7,1
461,8,1
461,9,1
461,10,1
461,11,0
461,12,0
461,13,0
461,14,1
461,15,1
461,16,1
461,17,0
461,18,0
461,19,0
461,20,1
462,1,1
462,2,0
462,3,1
462,4,1
462,5,0
462,6,0
462,7,1
462,8,1
462,9,1
462,10,1
462,11,0
462,12,0
462,13,0
462,14,1
462,15,1
462,16,1
462,17,0
462,18,0
462,19,0
462,20,1
463,1,0
463,2,0
463,3,1
463,4,0
463,5,1
463,6,0
463,7,1
463,8,0
463,9,0
463,10,0
463,11,0
463,12,0
463,13,0
463,14,0
463,15,0
463,16,1
463,17,1
463,18,0
463,19,1
463,20,0
464,1,1
464,2,0
464,3,0
464,4,1
464,5,1
464,6,0
464,7,1
464,8,1
464,9,1
464,10,1
464,11,0
464,12,0
464,13,1
464,14,0
464,15,1
464,16,1
464,17,1
464,18,0
464,19,1
464,20,1
465,1,0
465,2,0
465,3,1
465,4,0
465,5,1
465,6,0
465,7,1
465,8,1
465,9,0
465,10,0
465,11,1
465,12,1
465,13,1
465,14,0
465,15,1
465,16,0
465,17,0
465,18,0
465,19,0
465,20,1
466,1,1
466,2,0
466,3,1
466,4,0
466,5,0
466,6,0
466,7,1
466,8,1
466,9,1
466,10,1
466,11,0
466,12,1
466,13,0
466,14,1
466,15,1
466,16,1
466,17,0
466,18,0
466,19,0
466,20,1
467,1,1
467,2,1
467,3,1
467,4,1
467,5,0
467,6,0
467,7,1
467,8,0
467,9,1
467,10,1
467,11,0
467,12,1
467,13,0
467,14,1
467,15,1
467,16,0
467,17,0
467,18,1
467,19,0
467,20,1
468,1,0
468,2,0
468,3,1
468,4,0
468,5,0
468,6,0
468,7,1
468,8,1
468,9,0
468,10,1
468,11,1
468,12,1
468,13,0
468,14,0
468,15,0
468,16,0
468,17,0
468,18,0
468,19,1
468,20,1
469,1,1
469,2,0
469,3,1
469,4,1
469,5,0
469,6,0
469,7,1
469,8,1
469,9,1
469,10,0
469,11,0
469,12,0
469,13,0
469,14,0
469,15,1
469,16,1
469,17,0
469,18,1
469,19,0
469,20,1
470,1,1
470,2,0
470,3,1
470,4,1
470,5,0
470,6,0
470,7,0
470,8,1
470,9,0
470,10,0
470,11,0
470,12,1
470,13,0
470,14,0
470,15,0
470,16,0
470,17,1
470,18,0
470,19,0
470,20,0
471,1,1
471,2,0
471,3,0
471,4,1
471,5,1
471,6,0
471,7,1
471,8,1
471,9,1
471,10,0
471,11,0
471,12,0
471,13,1
471,14,1
471,15,1
471,16,1
471,17,1
471,18,0
471,19,1
471,20,1
472,1,1
472,2,1
472,3,1
472,4,1
472,5,1
472,6,0
472,7,1
472,8,0
472,9,1
472,10,1
472,11,0
472,12,0
472,13,0
472,14,1
472,15,1
472,16,1
472,17,1
472,18,1
472,19,0
472,20,1
473,1,1
473,2,0
473,3,1
473,4,0
473,5,1
473,6,0
473,7,1
473,8,0
473,9,1
473,10,0
473,11,0
473,12,1
473,13,0
473,14,1
473,15,1
473,16,1
473,17,1
473,18,0
473,19,0
473,20,0
474,1,1
474,2,0
474,3,1
474,4,1
474,5,0
474,6,0
474,7,1
474,8,1
474,9,1
474,10,0
474,11,0
474,12,1
474,13,0
474,14,1
474,15,1
474,16,0
474,17,0
474,18,0
474,19,0
474,20,0
475,1,1
475,2,0
475,3,1
475,4,1
475,5,0
475,6,0
475,7,1
475,8,0
475,9,1
475,10,1
475,11,0
475,12,1
475,13,1
475,14,1
475,15,1
475,16,0
475,17,1
475,18,1
475,19,1
475,20,1
476,1,1
476,2,0
476,3,1
476,4,1
476,5,0
476,6,0
476,7,1
476,8,1
476,9,0
476,10,0
476,11,0
476,12,1
476,13,0
476,14,0
476,15,1
476,16,0
476,17,1
476,18,0
476,19,0
476,20,1
477,1,1
477,2,0
477,3,1
477,4,1
477,5,0
477,6,0
477,7,1
477,8,1
477,9,1
477,10,1
477,11,1
477,12,0
477,13,1
477,14,0
477,15,1
477,16,0
477,17,1
477,18,1
477,19,0
477,20,1
478,1,0
478,2,0
478,3,0
478,4,1
478,5,0
478,6,0
478,7,0
478,8,1
478,9,0
478,10,0
478,11,0
478,12,0
478,13,0
478,14,0
478,15,0
478,16,1
478,17,0
478,18,0
478,19,0
478,20,0
479,1,1
479,2,0
479,3,1
479,4,1
479,5,0
479,6,0
479,7,1
479,8,1
479,9,1
479,10,1
479,11,1
479,12,0
479,13,0
479,14,0
479,15,1
479,16,0
479,17,0
479,18,0
479,19,0
479,20,1
480,1,1
480,2,0
480,3,0
480,4,1
480,5,1
480,6,0
480,7,1
480,8,0
480,9,1
480,10,0
480,11,1
480,12,1
480,13,1
480,14,0
480,15,1
480,16,1
480,17,0
480,18,0
480,19,0
480,20,1
481,1,1
481,2,0
481,3,1
481,4,1
481,5,1
481,6,0
481,7,1
481,8,1
481,9,1
481,10,0
481,11,0
481,12,0
481,13,0
481,14,1
481,15,1
481,16,1
481,17,1
481,18,1
481,19,1
481,20,1
482,1,0
482,2,0
482,3,0
482,4,0
482,5,0
482,6,0
482,7,1
482,8,1
482,9,0
482,10,0
482,11,0
482,12,1
482,13,0
482,14,1
482,15,0
482,16,0
482,17,1
482,18,0
482,19,0
482,20,0
483,1,0
483,2,0
483,3,0
483,4,0
483,5,1
483,6,0
483,7,1
483,8,1
483,9,0
483,10,0
483,11,1
483,12,1
483,13,0
483,14,1
483,15,0
483,16,1
483,17,0
483,18,0
483,19,0
483,20,1
484,1,0
484,2,0
484,3,1
484,4,0
484,5,0
484,6,0
484,7,1
484,8,0
484,9,0
484,10,0
484,11,0
484,12,1
484,13,0
484,14,0
484,15,1
484,16,0
484,17,0
484,18,0
484,19,0
484,20,1
485,1,1
485,2,1
485,3,0
485,4,0
485,5,0
485,6,0
485,7,1
485,8,0
485,9,1
485,10,0
485,11,1
485,12,0
485,13,1
485,14,0
485,15,1
485,16,1
485,17,0
485,18,0
485,19,1
485,20,1
486,1,1
486,2,0
486,3,1
486,4,0
486,5,0
486,6,0
486,7,1
486,8,0
486,9,0
486,10,1
486,11,1
486,12,1
486,13,0
486,14,1
486,15,1
486,16,1
486,17,0
486,18,0
486,19,0
486,20,0
487,1,1
487,2,0
487,3,0
487,4,1
487,5,1
487,6,0
487,7,1
487,8,1
487,9,1
487,10,0
487,11,1
487,12,1
487,13,0
487,14,1
487,15,1
487,16,1
487,17,0
487,18,0
487,19,0
487,20,1
488,1,0
488,2,0
488,3,0
488,4,0
488,5,0
488,6,0
488,7,0
488,8,1
488,9,0
488,10,0
488,11,0
488,12,0
488,13,0
488,14,0
488,15,0
488,16,0
488,17,0
488,18,0
488,19,0
488,20,0
489,1,1
489,2,0
489,3,0
489,4,1
489,5,0
489,6,0
489,7,1
489,8,0
489,9,1
489,10,0
489,11,0
489,12,0
489,13,1
489,14,1
489,15,1
489,16,1
489,17,1
489,18,0
489,19,0
489,20,1
490,1,1
490,2,0
490,3,0
490,4,0
490,5,1
490,6,0
490,7,1
490,8,1
490,9,0
490,10,0
490,11,0
490,12,0
490,13,1
490,14,0
490,15,1
490,16,1
490,17,0
490,18,0
490,19,0
490,20,0
491,1,1
491,2,1
491,3,1
491,4,1
491,5,0
491,6,0
491,7,1
491,8,0
491,9,1
491,10,1
491,11,0
491,12,0
491,13,1
491,14,1
491,15,1
491,16,1
491,17,1
491,18,1
491,19,1
491,20,1
492,1,1
492,2,0
492,3,1
492,4,1
492,5,0
492,6,0
492,7,1
492,8,1
492,9,1
492,10,1
492,11,1
492,12,1
492,13,0
492,14,1
492,15,1
492,16,1
492,17,1
492,18,0
492,19,0
492,20,1
493,1,1
493,2,1
493,3,0
493,4,1
493,5,0
493,6,0
493,7,1
493,8,1
493,9,1
493,10,0
493,11,1
493,12,1
493,13,0
493,14,1
493,15,1
493,16,1
493,17,0
493,18,0
493,19,0
493,20,1
494,1,1
494,2,0
494,3,1
494,4,1
494,5,1
494,6,0
494,7,1
494,8,0
494,9,1
494,10,0
494,11,1
494,12,0
494,13,0
494,14,1
494,15,1
494,16,1
494,17,0
494,18,0
494,19,0
494,20,1
495,1,0
495,2,0
495,3,0
495,4,0
495,5,0
495,6,0
495,7,1
495,8,1
495,9,0
495,10,1
495,11,0
495,12,0
495,13,0
495,14,0
495,15,0
495,16,0
495,17,0
495,18,0
495,19,0
495,20,0
496,1,1
496,2,1
496,3,1
496,4,1
496,5,1
496,6,0
496,7,1
496,8,1
496,9,1
496,10,1
496,11,1
496,12,1
496,13,1
496,14,1
496,15,1
496,16,1
496,17,1
496,18,1
496,19,1
496,20,1
497,1,1
497,2,0
497,3,1
497,4,1
497,5,0
497,6,0
497,7,1
497,8,0
497,9,1
497,10,0
497,11,0
497,12,1
497,13,0
497,14,1
497,15,1
497,16,1
497,17,0
497,18,1
497,19,0
497,20,1
498,1,1
498,2,0
498,3,0
498,4,0
498,5,0
498,6,0
498,7,0
498,8,1
498,9,1
498,10,0
498,11,0
498,12,0
498,13,0
498,14,0
498,15,1
498,16,1
498,17,0
498,18,0
498,19,0
498,20,0
499,1,0
499,2,0
499,3,0
499,4,1
499,5,1
499,6,0
499,7,1
499,8,1
499,9,1
499,10,0
499,11,0
499,12,1
499,13,0
499,14,1
499,15,0
499,16,1
499,17,0
499,18,0
499,19,0
499,20,1
500,1,1
500,2,1
500,3,0
500,4,1
500,5,1
500,6,0
500,7,1
500,8,1
500,9,1
500,10,1
500,11,0
500,12,1
500,13,1
500,14,1
500,15,1
500,16,0
500,17,0
500,18,1
500,19,0
500,20,1
